Car Model,Brand,Year,Price,Engine Type,Fuel Type,Mileage (MPG),Color,Transmission,Location
Even Really,Hyundai,2020,21094,Electric,Hybrid,21.278941558288036,Black,Automatic,Walkerchester
Walk Matter,Ford,2023,9858,Electric,Electric,30.961925258068437,Gray,Automatic,Port Kristinborough
Onto Meet,BMW,2024,39794,Turbo,Hybrid,34.71017278791769,Blue,Automatic,Lake Sarahberg
Or The,Mercedes,2001,38362,Inline-4,Petrol,44.35954100859492,Yellow,Manual,Dennisside
Program Soldier,BMW,2025,38917,V6,Electric,38.27703513797373,Green,Manual,Pattersonberg
Ability Challenge,BMW,2023,48456,Electric,Petrol,39.44237611945188,Yellow,Manual,Port Jesse
Good Fish,Chevrolet,2022,46315,V8,Petrol,21.44887239411698,Blue,Manual,Parkside
Church Early,Audi,2023,24112,V8,Hybrid,17.14396542419597,White,Manual,Hoffmantown
Voice Network,Tesla,2022,42102,Turbo,Electric,23.103716346115913,Blue,Manual,East Andrewtown
Common Respond,Toyota,2010,39986,Inline-4,Petrol,18.075866314936153,Black,Manual,Angelaton
Skin Space,Audi,2013,38610,V6,Diesel,44.67343591817229,Green,Manual,North Donaldton
Individual Order,Chevrolet,2018,29590,Inline-4,Petrol,41.17389979366337,Black,Manual,Beckerstad
Purpose Long,Toyota,2012,18246,Inline-4,Petrol,32.84386630436647,Yellow,Automatic,North Julie
Six Officer,Hyundai,2013,18207,Inline-4,Hybrid,30.02334660519073,Blue,Automatic,Port Jonathan
Main Option,Hyundai,2008,38969,Electric,Electric,22.39049570578594,Black,Manual,Gomezside
Throw Card,BMW,2015,40059,V6,Petrol,31.160829598673825,Black,Manual,Johnsonton
Model Traditional,Hyundai,2023,26099,Electric,Hybrid,31.20531450302533,Blue,Manual,East Vanessa
Everyone Bill,Mercedes,2023,46754,V8,Diesel,17.124132771687464,Black,Automatic,Watsonbury
Possible So,Mercedes,2000,43738,Electric,Hybrid,43.94266797390971,Gray,Manual,Olsonchester
Social She,Ford,2001,43165,V6,Diesel,27.474638765018575,Blue,Automatic,New Loganborough
National Onto,Nissan,2011,24946,Electric,Electric,17.01822124365871,Green,Manual,East Stacey
Herself Forget,Chevrolet,2000,21628,Electric,Electric,28.335410612125997,Green,Automatic,Hutchinsontown
Appear Particular,Mercedes,2016,25528,Turbo,Petrol,20.682872142748955,Gray,Manual,Christinehaven
Yet Half,Toyota,2003,25745,Turbo,Hybrid,41.4922290463181,Green,Manual,Williamfurt
Because Least,Honda,2005,18408,Turbo,Hybrid,20.134207558933202,White,Manual,New Jamesshire
East Significant,Ford,2007,32881,Inline-4,Hybrid,28.487465068027603,Yellow,Manual,East Jenniferview
Around Pattern,BMW,2012,17646,Inline-4,Hybrid,31.54452639670186,Black,Automatic,West Jennifer
Bag Certain,Hyundai,2003,30809,V8,Petrol,43.007900349337355,Silver,Manual,Lake Jessica
Quite Present,Ford,2001,17588,Inline-4,Electric,25.41295665512277,Black,Manual,Powellfort
Tonight Others,Honda,2007,40258,Turbo,Diesel,33.118413556571355,Blue,Automatic,South Cherylport
To Ok,Nissan,2006,44899,V6,Hybrid,21.364839690215987,Blue,Manual,Lake Victoria
Chance Learn,Mercedes,2024,20862,V8,Electric,30.342893366766763,Red,Automatic,Lopezside
Particularly Door,Hyundai,2017,43461,V6,Petrol,32.31942366602607,Green,Automatic,Christopherbury
Live Baby,Ford,2024,16319,V6,Diesel,40.95693706426839,Black,Manual,East Lisa
Instead Ability,Mercedes,2009,20447,Inline-4,Petrol,44.91065152624108,Red,Manual,Carterland
Back Radio,Tesla,2000,24237,Electric,Diesel,16.088521924808713,Green,Automatic,Cunninghamborough
Board Like,BMW,2003,13431,V6,Hybrid,41.17990669871672,Yellow,Manual,Port Spencerchester
Him Politics,Ford,2025,11735,Turbo,Electric,27.551673898888033,White,Manual,New Morganhaven
Dinner If,Chevrolet,2021,30764,V6,Electric,18.42938057056489,Green,Manual,Port Staceyfurt
Threat Bad,Chevrolet,2020,44516,V6,Petrol,33.538468159221395,White,Manual,Richardbury
Kind Lose,Mercedes,2017,15010,Electric,Hybrid,20.93496708483371,Blue,Manual,Phillipsfort
Article Cell,BMW,2024,39627,V6,Petrol,24.64986189755689,Silver,Manual,Weberhaven
Protect Machine,Toyota,2002,28929,Electric,Electric,33.88784812486067,Yellow,Automatic,East Alisonville
Treat Expert,Ford,2012,13641,Inline-4,Electric,25.56715705702373,White,Automatic,Lake Roger
Wonder Right,Nissan,2004,42547,Inline-4,Electric,39.544464492407684,Blue,Manual,West Stephanie
Stay Even,Tesla,2005,6821,Electric,Diesel,40.01878711107113,Blue,Manual,North Bretthaven
Present My,Toyota,2025,12716,Turbo,Hybrid,34.803626396128735,Green,Manual,Garrettport
Through Improve,Audi,2019,26824,Turbo,Petrol,25.011811144142122,Blue,Automatic,North Kristen
Out Apply,BMW,2022,21174,Electric,Electric,38.94763102177558,White,Manual,Port Anthonymouth
Later Team,Ford,2007,24793,Turbo,Hybrid,25.461441982256147,Yellow,Manual,Brittanyshire
Body Beyond,Chevrolet,2015,21778,V8,Hybrid,40.24620661758951,White,Automatic,West Maryview
Area Really,Tesla,2008,10935,V6,Hybrid,30.1944607127353,White,Automatic,Jessicachester
Pm Fill,Nissan,2016,7237,Inline-4,Hybrid,43.0490784261167,Gray,Manual,New Marystad
Imagine Far,Honda,2000,8685,V6,Electric,18.38130495983406,Red,Manual,Mirandaberg
Degree Community,Honda,2005,37030,V8,Petrol,23.566600119472263,Blue,Automatic,Michealbury
Leg Provide,Tesla,2019,33578,V8,Petrol,42.868796360364335,Yellow,Manual,Lake Markmouth
Little Including,Mercedes,2021,36481,Turbo,Electric,28.296829508384924,Black,Manual,South Johnny
Spend Letter,Mercedes,2023,45476,Inline-4,Electric,42.187185532283266,Red,Manual,Gomezburgh
Take Court,Ford,2005,41819,V6,Hybrid,18.52544525521764,Green,Automatic,Ramirezborough
Cell Throughout,Chevrolet,2020,42008,V8,Electric,31.47224684845125,White,Automatic,Lake Deborah
Design Society,Nissan,2000,33230,Inline-4,Petrol,44.153671538797724,Gray,Automatic,Tabithaport
Rise City,Honda,2020,9117,Electric,Electric,41.833833978119536,Yellow,Automatic,Rachelhaven
Prevent Institution,Mercedes,2006,17154,Turbo,Electric,20.107888426073828,Yellow,Automatic,Lake Stephen
Agency Close,Toyota,2012,12150,Turbo,Petrol,29.232802681085037,Black,Automatic,Juliehaven
Wonder Phone,Hyundai,2007,48729,Inline-4,Diesel,44.94485061459789,Gray,Automatic,Burnsmouth
Necessary Popular,Honda,2007,47496,Inline-4,Hybrid,44.9273752131344,Blue,Manual,East Brandontown
Whole Door,Honda,2019,20502,Turbo,Hybrid,35.45247684343,Silver,Automatic,Burgesstown
Only Tonight,BMW,2000,33434,V8,Hybrid,20.270582195021753,Green,Manual,Annamouth
Smile Carry,Toyota,2022,12803,V6,Electric,25.786149839977824,White,Automatic,New Tonyhaven
Nation Car,Audi,2015,26235,V6,Electric,42.012189516690185,Silver,Manual,East Meagan
Blue Old,Toyota,2014,48082,V8,Diesel,18.910042297560018,White,Manual,Andrewberg
Happy Whom,Honda,2005,5620,V6,Diesel,30.79253426790736,Green,Automatic,West Travisport
Goal Add,Ford,2014,27961,V8,Diesel,42.064835666280736,Gray,Automatic,New Bryan
Line So,Honda,2013,26263,V8,Hybrid,16.553061947719183,Yellow,Manual,Michaelland
Floor Beyond,Nissan,2019,27953,Inline-4,Diesel,21.612207768186796,Blue,Manual,South Megan
Yourself Baby,Audi,2021,41925,Inline-4,Diesel,42.46025003126856,Blue,Automatic,South Nathaniel
As Use,BMW,2024,30256,Turbo,Diesel,24.229298609871872,Gray,Manual,New Erin
Conference Page,Mercedes,2023,35390,Inline-4,Electric,30.81918606460933,Yellow,Automatic,New Christopher
What Husband,Toyota,2018,16320,Turbo,Petrol,15.855291074066812,Yellow,Manual,Ortizside
Off Special,Honda,2013,28659,V8,Electric,39.34983310335347,Blue,Manual,Williamston
Use Fear,BMW,2004,32817,Turbo,Diesel,41.69133922484296,White,Manual,Lake Melissamouth
Too Use,Toyota,2000,33780,V6,Diesel,40.86945854611833,Black,Manual,Jeremyborough
Half Affect,Honda,2010,43812,Inline-4,Diesel,39.847373021480365,Gray,Automatic,East Madison
Candidate Individual,Tesla,2016,44109,Turbo,Electric,38.68014090503375,White,Manual,Berrymouth
Evening Game,BMW,2018,33214,Turbo,Petrol,21.033640213203253,Silver,Automatic,South Kellyfurt
Thus Buy,Ford,2007,14559,Electric,Hybrid,26.086587160155347,White,Automatic,Figueroatown
Then Option,Tesla,2022,38745,Electric,Diesel,17.039400384215206,Yellow,Automatic,North Timothy
None In,Audi,2022,41295,V6,Petrol,41.88346022517211,Gray,Manual,New Philip
Day All,Tesla,2003,45851,V8,Hybrid,40.198877356798434,Silver,Manual,East Jennifer
Say Year,Nissan,2023,45672,Turbo,Hybrid,44.878201957055694,Yellow,Manual,West Maria
Order Thought,Hyundai,2015,41055,Inline-4,Petrol,40.72990167448046,Black,Manual,New Donald
Executive Movie,Chevrolet,2003,20654,Turbo,Hybrid,16.713227981608984,Green,Automatic,Aprilhaven
Discover Sport,Honda,2010,5770,Electric,Diesel,17.994339295928167,Red,Automatic,Rhondastad
Sometimes White,Chevrolet,2000,21788,V8,Diesel,38.14576038841115,Yellow,Automatic,New Linda
Since Fire,Mercedes,2007,7376,Inline-4,Hybrid,33.88823059617837,Black,Automatic,East Michelleport
Floor Because,BMW,2002,9379,Turbo,Diesel,20.4672456234236,Gray,Automatic,Gillborough
Eye Very,Hyundai,2002,21196,Electric,Hybrid,38.332780304235776,Yellow,Manual,South Victorberg
Some Decade,Tesla,2000,31164,Inline-4,Diesel,44.11491429730209,Silver,Manual,West Brianna
Once Across,Hyundai,2002,25259,V8,Diesel,27.406215369304224,Silver,Automatic,East Toddstad
Avoid Red,Audi,2017,42421,V8,Diesel,34.258297984155575,Red,Manual,West Alex
Hotel Son,Honda,2008,28500,V8,Electric,27.336964557437554,Silver,Automatic,Port Elizabeth
Impact Success,BMW,2024,27649,V8,Hybrid,44.010178362532415,White,Automatic,Bryanmouth
Fine Year,Mercedes,2023,26812,Turbo,Diesel,22.845184762339386,Red,Automatic,New Rebecca
Involve Site,Ford,2008,10279,Electric,Diesel,41.84933181398929,Yellow,Manual,Gileston
Property Executive,Tesla,2000,7596,Inline-4,Petrol,17.808895384729297,White,Automatic,South Joelshire
Hot Prepare,BMW,2013,19146,Electric,Diesel,36.19902910071464,Blue,Automatic,Reneeton
General Remain,Nissan,2019,25946,Turbo,Hybrid,22.019191320531526,Black,Manual,West Carl
Simple Already,Hyundai,2011,21644,V6,Diesel,28.838720705846224,Red,Manual,Barbaramouth
Low We,Tesla,2019,39115,V8,Petrol,18.10613899894265,Yellow,Manual,Byrdshire
Among Common,Tesla,2023,10817,V6,Hybrid,26.469434901045133,Gray,Automatic,Bruceburgh
Environment Number,Hyundai,2000,42164,Inline-4,Electric,34.908587419283194,Green,Automatic,Stephensonshire
Both Collection,Nissan,2005,29788,V8,Hybrid,42.007937889664376,Yellow,Automatic,North Cody
Summer Rather,Ford,2001,8176,V8,Diesel,24.912359776156958,Green,Manual,South Kaitlyntown
Reduce Together,Honda,2021,33431,V8,Electric,28.969862387017166,Black,Automatic,South Jeffmouth
Rule Memory,Ford,2002,47405,Electric,Hybrid,19.787022937434415,White,Manual,Lake Lauren
Education Professor,BMW,2016,45377,V8,Diesel,24.18167247936576,Green,Manual,Kiddshire
Five Attack,Toyota,2003,5466,Electric,Petrol,44.35774317326751,Blue,Automatic,Davidmouth
Never Seven,Ford,2005,5664,Electric,Electric,29.241099594909095,Black,Manual,Huntton
Town Go,Mercedes,2025,15516,V8,Diesel,33.415320027495056,White,Manual,New Travis
Another Summer,Toyota,2010,38649,Turbo,Electric,18.836015429013734,Blue,Manual,Blakeview
Adult Visit,Chevrolet,2018,27237,Inline-4,Petrol,33.20430078330382,Red,Automatic,Williamston
Whose Raise,Chevrolet,2006,35352,Turbo,Electric,33.41540641677119,Silver,Automatic,Robinsonbury
Usually Manager,Chevrolet,2011,31512,V6,Diesel,35.75000496477462,Gray,Manual,Laurenbury
Where Rock,Chevrolet,2005,35019,V8,Petrol,35.24799056157015,Gray,Manual,Jimenezview
Who They,BMW,2014,25944,V6,Electric,16.476227792418516,Silver,Manual,Port Darrenville
Dark Big,Tesla,2015,46688,Electric,Hybrid,28.27780264055312,Black,Manual,Bishopmouth
Explain Environment,BMW,2006,20960,Turbo,Diesel,36.356532895857015,Red,Manual,Port David
Sort Station,BMW,2007,19575,V8,Diesel,37.89409829369971,Red,Manual,Underwoodville
Budget Up,Ford,2020,32227,Electric,Hybrid,30.670195686982808,Blue,Automatic,West Trevorbury
Ahead Customer,Toyota,2003,17768,Inline-4,Diesel,37.41554328323838,White,Manual,Jasonstad
According Least,Nissan,2006,35793,Inline-4,Diesel,41.49068552957353,White,Automatic,Ashleyton
First Source,Tesla,2023,32233,Electric,Diesel,41.05135825743321,Yellow,Automatic,West Sean
Collection Author,Ford,2009,42448,Turbo,Petrol,30.19956831661336,White,Automatic,Williamsmouth
Record Seem,Honda,2008,24455,Electric,Electric,41.38747871947017,Yellow,Automatic,Woodardtown
Pm Range,Honda,2020,21165,V6,Petrol,38.98120058851211,Red,Manual,Mitchellberg
Red Scene,Tesla,2014,40738,V6,Petrol,38.783207229676094,Blue,Manual,Seanchester
Those Position,Hyundai,2013,46195,V6,Petrol,21.47064423029533,Yellow,Manual,New Mallorytown
Return Sell,Nissan,2024,11505,Electric,Petrol,19.514175551490442,Green,Manual,North Amyland
Series Drive,Tesla,2015,32086,V8,Diesel,32.599528045092455,Blue,Manual,Elizabethshire
Method Reveal,Tesla,2006,7431,Inline-4,Hybrid,29.33724095530799,Gray,Automatic,Campbellland
Upon Kid,Hyundai,2010,48381,Turbo,Electric,42.49864009408172,Yellow,Automatic,North Lisa
Hour Raise,Toyota,2018,24510,V8,Petrol,35.81733477718733,White,Manual,East Adamside
Note Later,Mercedes,2003,39894,V8,Petrol,35.06726576495657,Red,Manual,South James
Director Head,BMW,2007,21956,Inline-4,Diesel,30.720585889084774,Green,Manual,Newtonburgh
Six Here,Honda,2021,18862,V8,Hybrid,16.648780784715033,Red,Manual,North Melissa
Wind Single,Hyundai,2001,45815,Turbo,Diesel,31.39511446379138,White,Manual,Jerryview
Near Democratic,Ford,2000,20835,Electric,Diesel,32.764109989349805,White,Manual,North Amandaport
Reach Feel,Mercedes,2006,32233,Inline-4,Electric,21.20677300781568,Gray,Automatic,Lindafort
Already Respond,Honda,2013,32530,Inline-4,Diesel,37.004610679060924,Red,Automatic,South Blakeville
Charge Population,Tesla,2016,18915,Inline-4,Hybrid,21.161467757515837,Gray,Manual,East Cody
Training Pick,Mercedes,2023,43750,Inline-4,Hybrid,26.84140600191691,Blue,Manual,Kylehaven
Perhaps Story,Mercedes,2017,46962,V8,Petrol,18.640978523911897,Silver,Manual,Aaronchester
Its Want,Ford,2023,16918,Electric,Electric,21.44181599623582,Red,Manual,Port Carolyn
Store Medical,Audi,2019,33289,Turbo,Electric,25.87048774063526,Silver,Automatic,Davisview
Decision Research,Tesla,2000,39975,Turbo,Diesel,39.50660242175255,Black,Automatic,South Isaac
Moment Wonder,Nissan,2009,18676,Turbo,Hybrid,40.26650689171311,Red,Automatic,Lake Mollyville
Fish Republican,Mercedes,2004,23804,V8,Electric,21.7325786431922,Yellow,Manual,Scottstad
Sound Ball,Audi,2024,14910,V6,Hybrid,17.238674121121957,Blue,Automatic,Montgomeryton
Medical Knowledge,Mercedes,2013,35318,Inline-4,Diesel,22.51743903211351,Red,Manual,Lake Joseph
Until Late,Tesla,2008,48864,V6,Hybrid,43.30079267454798,Silver,Manual,Georgeview
Trial Address,Audi,2025,48088,Turbo,Hybrid,19.291476173682923,Black,Manual,Lake Timothy
Ball National,Mercedes,2023,41938,V8,Petrol,36.96736816148052,Silver,Automatic,Randallhaven
Good Create,Honda,2017,33108,V6,Hybrid,44.26554641734876,Red,Automatic,Kyleland
Say Figure,Audi,2008,15887,Turbo,Hybrid,20.74949608455419,Red,Manual,Fullerstad
Free Medical,Chevrolet,2008,21214,Inline-4,Diesel,18.689942446812342,Gray,Manual,Riceville
Since Political,Honda,2023,18271,V8,Diesel,36.874700211354345,Blue,Manual,Williamsonhaven
Social Kitchen,Toyota,2017,11666,Electric,Electric,23.547905815843073,White,Manual,Lukeside
Radio Provide,Ford,2017,21750,Inline-4,Hybrid,32.81395639707945,Green,Automatic,North Margaretborough
Consumer Hot,Ford,2024,35655,Turbo,Electric,33.60403331760668,Red,Automatic,New Williamberg
Since Fast,BMW,2007,38653,Inline-4,Diesel,17.730696888094247,Yellow,Automatic,Hendricksstad
Out Investment,Hyundai,2012,42319,Turbo,Petrol,35.08020354592654,White,Manual,Fosterview
Suddenly Body,Hyundai,2009,46833,Turbo,Petrol,20.37320825079034,Green,Automatic,Pricetown
Girl Leave,Tesla,2004,36836,Inline-4,Electric,33.64995320866463,Red,Automatic,Lake Brandi
Beyond Seven,Audi,2017,23739,Inline-4,Diesel,31.0175246778134,Green,Manual,Alexandermouth
Win Whether,Nissan,2024,19742,Turbo,Hybrid,26.623604965887974,White,Manual,Lake Mariaberg
Stuff Design,BMW,2003,26533,V6,Hybrid,20.51307611159575,Silver,Manual,Sampsonton
Course Beautiful,Toyota,2001,17675,V6,Electric,29.881013067032903,Gray,Automatic,Hernandezstad
Wear Instead,Honda,2025,24219,V8,Diesel,20.60643679938759,Silver,Manual,North David
Analysis Probably,Tesla,2009,19556,Electric,Diesel,22.616465872506293,Yellow,Automatic,West Williamchester
Behind Prevent,Honda,2022,26132,Electric,Diesel,44.76894013829723,Green,Manual,Adamston
Ability Quickly,Tesla,2009,33529,V6,Diesel,32.42881998556797,Blue,Automatic,East Kenneth
Prevent End,Mercedes,2004,32909,V6,Electric,25.12562521283591,Gray,Automatic,Kendramouth
Case Fear,Honda,2008,30791,Inline-4,Hybrid,38.39789854996678,Red,Manual,East Denisemouth
Worker College,Ford,2018,36985,Electric,Hybrid,28.211598063726008,Green,Automatic,Jillhaven
Beautiful Expect,Chevrolet,2018,22870,V6,Hybrid,21.44170047925633,White,Automatic,Jacobton
Majority Score,Toyota,2000,6449,Inline-4,Petrol,25.643603234278032,Silver,Automatic,Gregoryside
Drive Develop,Honda,2009,38116,V8,Petrol,40.18382217923457,Yellow,Manual,Lutzshire
Eat Home,Toyota,2010,49511,Turbo,Hybrid,38.578691971962385,Yellow,Automatic,Gwendolynchester
Civil Point,Toyota,2024,30466,Electric,Petrol,26.312939154920223,Red,Manual,Thompsonside
Single Heart,Hyundai,2007,25331,V6,Hybrid,16.156063882655076,Blue,Manual,Pageland
Professional Financial,Nissan,2022,11255,V8,Electric,17.38699063182152,White,Manual,Donaldmouth
Development Stand,Nissan,2006,22366,Turbo,Hybrid,22.044772291898653,Silver,Automatic,Lake Coreymouth
Although Explain,Mercedes,2003,17627,Turbo,Electric,16.460669988483996,White,Manual,South Calvin
Left Night,Audi,2000,34891,V6,Hybrid,35.42673119196982,Green,Automatic,South Daniel
Court Season,BMW,2002,20129,V8,Hybrid,39.42774825436457,Green,Manual,South Abigail
Certainly Environment,Hyundai,2016,29135,V8,Petrol,35.38092542469069,Black,Automatic,Salazarburgh
Assume Far,Chevrolet,2005,15186,Inline-4,Petrol,20.840769407069853,Black,Manual,West Keith
My The,Audi,2001,10743,V8,Diesel,34.59349657963873,Red,Manual,South Melissa
Fact True,Honda,2000,15568,V6,Hybrid,17.383562575032332,Black,Automatic,Brianberg
Debate Ground,BMW,2012,26243,Inline-4,Electric,32.72573030744311,Yellow,Automatic,South Mary
Interesting Try,Nissan,2010,21527,V8,Diesel,22.03622905021715,Red,Manual,Brownfurt
Soon Mother,Ford,2020,10985,V6,Diesel,20.902611939122338,Red,Manual,North Kristyborough
Success Those,BMW,2011,6795,Turbo,Petrol,15.33236996123577,Blue,Automatic,Mayshire
History Human,Nissan,2010,15661,Inline-4,Diesel,41.556925357862966,Silver,Automatic,Lake Lance
Baby Which,Chevrolet,2019,37726,Electric,Diesel,43.33050128178866,White,Manual,Deleonchester
Center Buy,BMW,2011,45292,V6,Petrol,24.97521051391852,Red,Manual,Johnfurt
Event Model,Ford,2002,13677,V6,Diesel,40.857548385591365,White,Manual,Amandaland
Difficult Live,Tesla,2015,20097,V6,Diesel,22.10677461708299,Silver,Manual,Dunnport
Would Officer,Ford,2008,39562,V6,Hybrid,15.720774508243524,Silver,Automatic,New Traciborough
To Most,Tesla,2018,18381,V8,Electric,17.335097611779748,Yellow,Manual,South Kimberlyshire
Environmental Movie,Hyundai,2011,18585,V6,Electric,25.301836083503016,White,Manual,East Tina
Account Possible,Tesla,2001,23404,V6,Hybrid,40.53239049895774,Yellow,Automatic,South Wendyville
Smile Information,Nissan,2007,15332,Inline-4,Hybrid,22.40849993661361,White,Manual,Mcmahonhaven
Address End,Tesla,2018,25549,Inline-4,Petrol,28.046602167498904,Green,Automatic,Harrellhaven
Grow Happen,Chevrolet,2004,17779,V6,Petrol,29.781315364244414,Yellow,Automatic,Port Michael
Majority Doctor,Tesla,2025,22015,Inline-4,Hybrid,35.60639292462304,Green,Manual,Hardyside
Difficult Piece,Toyota,2000,34744,V8,Petrol,38.361118220425794,Black,Manual,New Veronica
Friend Development,BMW,2021,34459,Inline-4,Diesel,24.828015674822957,Silver,Manual,Robinport
Amount Decision,Honda,2022,18283,Electric,Electric,21.2787226272564,Black,Automatic,East Donald
Like Anyone,Chevrolet,2015,42698,V8,Petrol,25.792076823869316,Black,Manual,Weaverberg
Generation Large,Chevrolet,2021,35753,Inline-4,Petrol,17.204235753293958,Green,Manual,Port Charlesberg
Stage East,Toyota,2002,35986,V8,Electric,31.251921252319338,White,Automatic,Wallacetown
Necessary Level,Hyundai,2012,12690,Turbo,Petrol,19.490747160078087,Green,Manual,Toddburgh
Huge Of,Ford,2008,42795,Inline-4,Electric,20.921857648675292,Red,Automatic,Port Carlafurt
Manage Girl,Hyundai,2003,11833,V8,Electric,27.740413368413783,Green,Automatic,Scottton
Summer Eight,Nissan,2019,7091,V8,Diesel,39.733216349387874,Gray,Automatic,New Sandraland
Sister Continue,Chevrolet,2025,48789,V6,Diesel,23.49468242337376,Black,Manual,Rushville
Option Work,Toyota,2010,16540,V6,Hybrid,36.722654946110886,Green,Manual,Port Joshua
Along Open,Honda,2003,18190,V6,Electric,16.803353727045124,Silver,Automatic,West Justin
Two Debate,Mercedes,2023,40543,V6,Petrol,37.100560887736485,Red,Automatic,East Robert
Discuss Join,Chevrolet,2009,32372,V8,Hybrid,28.200060621396805,Gray,Automatic,Harthaven
Attention May,Nissan,2009,24009,Turbo,Hybrid,42.3167826189336,White,Automatic,Richardmouth
Mr Drop,BMW,2025,23594,Inline-4,Petrol,30.52416600950371,Green,Manual,Moralesmouth
Ask Example,Hyundai,2004,28619,V6,Electric,34.14662401428007,Green,Manual,East Anneside
Decision They,Chevrolet,2017,30565,V6,Hybrid,28.45262577425672,Gray,Automatic,Ryanborough
Boy Again,Nissan,2005,35399,Inline-4,Diesel,17.027043782259707,Silver,Automatic,Hayeston
Culture Growth,Tesla,2016,30575,Turbo,Petrol,35.85316003233166,Gray,Manual,New Courtney
Method Win,Mercedes,2021,13274,Inline-4,Hybrid,27.60181950453793,Red,Automatic,South Erika
Voice Under,Mercedes,2023,42255,Electric,Electric,20.43171597959288,White,Manual,North Michelle
Adult Individual,Ford,2010,17855,Inline-4,Hybrid,29.41649141068092,Gray,Manual,South Dawn
Guy A,Hyundai,2024,46055,V6,Diesel,25.59674627130289,Green,Manual,East Scottside
Senior Decade,Mercedes,2010,21397,Inline-4,Electric,22.298301883814556,Gray,Manual,West Elizabeth
Determine Half,Hyundai,2016,7505,V6,Diesel,16.661413135989047,Black,Automatic,Lake Melissa
Practice Card,Chevrolet,2005,43031,Inline-4,Electric,15.736210529903044,Green,Automatic,Gregorymouth
Avoid Grow,Audi,2015,14265,Electric,Hybrid,35.484149015193175,Black,Automatic,South Nicholas
Seek Especially,Audi,2017,46918,Electric,Hybrid,17.397345827491502,Black,Automatic,South Brian
Clear Offer,Mercedes,2016,23878,V6,Petrol,41.48021046219132,Red,Manual,Port Jeremiahburgh
Ready Visit,BMW,2006,24597,V8,Diesel,33.45547093066624,Gray,Automatic,Port Kristen
Who Measure,Toyota,2016,42922,Electric,Diesel,17.55954309303261,Silver,Automatic,Alexanderville
Job None,Hyundai,2008,43572,V8,Electric,16.233393726770206,White,Manual,East Christopher
Type Change,Nissan,2004,24269,Electric,Petrol,35.939668801364064,White,Automatic,Port Wanda
Clearly Itself,Toyota,2012,23043,Turbo,Hybrid,26.98541812170806,Yellow,Automatic,North Victoria
Option Practice,Audi,2012,10916,Electric,Electric,23.684312125941705,Black,Manual,South Cheyenne
Mind Pressure,Chevrolet,2006,41396,V6,Hybrid,17.144635798950077,Black,Automatic,Raymondside
Condition Live,Ford,2012,49173,V6,Hybrid,25.143736792375847,Blue,Manual,Port Davidfort
Property Eye,Nissan,2011,47346,Electric,Hybrid,43.28502594031022,Green,Manual,Port Karenview
Personal Traditional,Tesla,2002,16263,V8,Electric,15.082658413717578,Green,Manual,Serranoborough
Through Evidence,Mercedes,2024,44106,Inline-4,Petrol,29.827656764705154,Silver,Automatic,New Carl
Smile Other,Toyota,2006,22109,V8,Hybrid,28.87310999167805,Red,Automatic,Porterfort
Base Century,Ford,2023,8250,Turbo,Petrol,40.60439209373564,Gray,Automatic,Lake Seth
Technology Between,Tesla,2018,34835,Electric,Diesel,26.68793799435863,Black,Manual,Harrisonfurt
Drug Possible,Hyundai,2024,27068,V6,Electric,37.9836536563788,Silver,Manual,Johnsonmouth
Town Spring,Audi,2003,45169,Turbo,Petrol,41.15713958172606,Yellow,Manual,North Matthew
International Policy,Tesla,2005,23998,V6,Hybrid,24.840114279094827,Gray,Automatic,Port Kaitlyn
Hotel Always,Ford,2016,28713,Turbo,Diesel,19.668132843729243,Gray,Automatic,Amandaside
Dream Design,Toyota,2010,5743,V8,Diesel,26.621702099628877,Blue,Manual,New Jessicafort
Democratic Pressure,Ford,2023,12780,V6,Hybrid,35.11480831231013,Black,Automatic,Shawbury
Third Crime,Audi,2015,14633,Turbo,Electric,38.1724717196071,Red,Automatic,Ballardberg
Always Occur,Hyundai,2022,18661,Turbo,Petrol,32.48736885912171,Green,Automatic,New Luis
Throw Thus,Toyota,2003,9991,V8,Electric,26.73054182271598,White,Manual,Grahamchester
Onto Happen,Toyota,2017,36327,Inline-4,Electric,24.07533423982248,Blue,Automatic,West Sandra
Especially Seven,Honda,2019,42254,Inline-4,Petrol,33.49413009566179,Black,Manual,Raymouth
Stop Nice,Chevrolet,2007,23274,V8,Petrol,30.144891626677506,White,Manual,Johnsonland
Various Religious,Chevrolet,2008,23042,Turbo,Diesel,18.17469941904465,Red,Automatic,Jonesside
Lose Improve,Audi,2022,24785,V8,Electric,33.07747577758951,Blue,Manual,Joshuabury
Evening Mind,Chevrolet,2016,19424,V8,Electric,34.54463225225918,White,Manual,North Nicholasport
Everybody Remember,BMW,2012,30499,V6,Petrol,38.29040164699261,Silver,Manual,South Alex
Time Great,Hyundai,2020,5649,V6,Electric,26.911347040216086,White,Automatic,East Sabrinaburgh
Week Education,Chevrolet,2011,15815,Inline-4,Electric,32.43178681956542,Red,Automatic,Lake Jennifer
Policy Face,Toyota,2005,23914,V6,Petrol,28.013217794938324,Black,Automatic,Port Rachelview
Medical Company,Ford,2007,43121,Turbo,Hybrid,22.703364530727015,Gray,Automatic,New Becky
Whether Wind,Honda,2018,11047,Turbo,Petrol,30.34962214625801,Silver,Automatic,Edwardshire
Require Modern,Audi,2004,10078,V6,Hybrid,19.730317322086975,Silver,Manual,Lake Daniel
Thousand Commercial,Tesla,2004,29079,Inline-4,Petrol,35.66702526094059,Blue,Manual,Conniemouth
Term On,Tesla,2025,41345,V6,Petrol,16.078081277345266,Blue,Automatic,Stephanieport
Red Something,Ford,2024,30811,Inline-4,Electric,37.84235300400232,Yellow,Automatic,South Nancyville
Smile During,Ford,2003,36753,Electric,Electric,39.67442206212809,White,Manual,West Brent
Season Partner,Hyundai,2021,39229,V8,Hybrid,18.07248031571314,Silver,Automatic,North Lauraville
Now Decision,BMW,2024,21486,Inline-4,Petrol,40.792704243929194,Silver,Manual,Sullivanland
Vote Any,Honda,2005,31459,V8,Electric,28.656586891603826,Green,Automatic,Raymondmouth
Research Need,BMW,2018,11602,Electric,Petrol,21.439705050376535,Green,Manual,Bishopfort
White Discuss,Tesla,2003,16851,V8,Diesel,26.766483918339176,Blue,Automatic,Justinshire
Free Place,Hyundai,2010,26118,Electric,Electric,34.340396236511445,Red,Automatic,South Adriana
Character Likely,Tesla,2001,43360,Electric,Petrol,24.56890122892765,Green,Automatic,North Alexandria
Build Level,Nissan,2014,30649,Inline-4,Electric,23.60317352259108,Green,Manual,South Craigton
Common Gun,Tesla,2023,37729,Electric,Hybrid,42.84602948201707,Black,Manual,Port Nathanmouth
Clear When,Toyota,2005,29361,Electric,Diesel,27.237275914658944,Blue,Manual,Jamesside
Common Office,Honda,2009,46982,Inline-4,Petrol,19.751550252625417,White,Automatic,North Claudia
Because Up,Audi,2011,22689,Turbo,Petrol,38.424494096783505,Blue,Manual,North Joseph
Event Republican,Chevrolet,2021,49729,Turbo,Diesel,39.468689961625266,Yellow,Automatic,Rachelborough
Can Really,Tesla,2012,40124,Inline-4,Electric,25.326973641363928,White,Automatic,Lake Joanneland
Job Fish,Ford,2016,8026,Turbo,Electric,34.14029465987557,Silver,Automatic,South Heidi
Interesting Eight,Ford,2009,10277,V8,Electric,41.8734801105642,Silver,Manual,South Michael
Soon Paper,Hyundai,2011,17823,V6,Electric,36.12262191280744,Red,Automatic,South Richardport
Past Cell,Chevrolet,2022,14388,V6,Hybrid,34.91457644747698,Green,Manual,West Emily
Ball Third,Honda,2006,35093,V6,Petrol,26.08172340953938,Green,Manual,Kennethburgh
Relationship Watch,Mercedes,2011,22051,V8,Hybrid,35.39000829010477,Gray,Manual,Jonathanshire
Billion Product,Hyundai,2018,15509,V6,Electric,21.199315185464794,Red,Automatic,Debratown
Relationship Open,Nissan,2014,15196,Inline-4,Hybrid,23.281886409348044,Black,Manual,South Julie
And Soldier,Mercedes,2010,33352,Electric,Diesel,33.19205861705917,White,Manual,Washingtonbury
Kitchen Save,Ford,2009,22123,V8,Petrol,33.11470287466125,Blue,Automatic,Kellyview
Personal Hundred,Mercedes,2002,12465,Turbo,Hybrid,21.43500342536585,Yellow,Manual,Alexaburgh
Agreement Begin,Ford,2012,6194,V6,Hybrid,30.094640868114457,Yellow,Manual,Victoriahaven
Quickly Item,Chevrolet,2025,11750,Turbo,Diesel,32.87462710891934,Red,Manual,Williamchester
From Left,Nissan,2025,42721,V8,Electric,21.939396098052917,Black,Automatic,South Reginaview
Personal Language,Hyundai,2012,31151,V6,Hybrid,36.15744663511059,Red,Manual,Jameshaven
Teach Television,Chevrolet,2005,21603,Inline-4,Electric,29.583382016280556,Green,Automatic,North Jadeborough
Detail Yourself,Chevrolet,2008,40140,Electric,Hybrid,36.294739059360225,Gray,Automatic,South Jacob
Brother Girl,Nissan,2023,27110,Turbo,Petrol,40.65436130205618,Blue,Manual,Lake Brandi
Ready Room,Nissan,2014,22218,V8,Petrol,19.458338093642315,Yellow,Automatic,Kimstad
Control Main,Chevrolet,2022,23695,V6,Petrol,43.54691788768909,Green,Manual,Clarkstad
Share Expect,Ford,2005,45999,Electric,Electric,28.400501973912675,Yellow,Manual,Vazquezfurt
Traditional Term,Tesla,2022,18310,Turbo,Diesel,42.5729948094998,Silver,Automatic,Stephaniefort
Goal Four,Mercedes,2018,40736,V8,Diesel,41.51596211508347,Green,Automatic,North Kathleen
Mind Performance,Nissan,2009,41224,Inline-4,Electric,25.991355830249013,Red,Manual,Duncanport
Industry Deep,BMW,2001,45813,V8,Diesel,30.72861516971993,Blue,Manual,Nathanstad
Four Each,Tesla,2001,16553,V6,Electric,23.327015639971613,Blue,Automatic,South Scott
Else Very,Chevrolet,2019,29126,V8,Petrol,34.65687096457272,Black,Manual,Blevinsside
Science Campaign,BMW,2008,30236,Inline-4,Electric,34.28701910153042,Silver,Automatic,New Alexisland
Any Shoulder,Toyota,2007,28601,Electric,Hybrid,19.04134177218037,Black,Manual,Roberthaven
Learn Allow,Tesla,2000,39869,Inline-4,Electric,39.480391142557885,Black,Automatic,Port Eric
Brother Staff,Chevrolet,2001,23756,Electric,Petrol,17.799678232017108,Green,Automatic,West Tara
Point Production,Ford,2001,41357,V8,Diesel,34.34879109718763,Gray,Automatic,Dianebury
Western Nearly,Ford,2000,20042,Inline-4,Petrol,41.53692031778526,Black,Manual,West Noahport
Environmental Suddenly,Toyota,2016,8925,Turbo,Electric,34.70314744141781,Blue,Automatic,East Randy
Night Stay,Toyota,2013,32230,Turbo,Petrol,35.55783707522758,Green,Automatic,Dunnberg
Throughout Heavy,Chevrolet,2017,25642,Electric,Diesel,35.398270031255166,Black,Manual,New Robert
Your Quickly,Tesla,2001,32508,V8,Petrol,28.449707269421076,Gray,Manual,East Georgebury
Page Leader,Tesla,2005,7383,Inline-4,Hybrid,42.044897222330604,Gray,Automatic,Dennisport
Him Remain,Hyundai,2018,38518,Turbo,Electric,38.20379843159226,Blue,Manual,South Charlenemouth
Whole Set,Tesla,2008,6508,V6,Hybrid,28.5631264388377,Red,Manual,West Jasmineburgh
Himself Around,Audi,2003,34714,Electric,Petrol,38.730220343089584,Red,Manual,Cynthiamouth
Short Site,Audi,2007,14577,V8,Diesel,30.643978533410024,Silver,Automatic,Brianbury
Employee Carry,Ford,2004,24667,Inline-4,Electric,29.096825599307245,Silver,Automatic,New Jeremyton
Central Chance,Toyota,2019,46365,Electric,Petrol,27.81424314893595,Yellow,Automatic,Armstrongport
Continue Right,Hyundai,2018,26291,V6,Electric,25.525821239650536,White,Manual,South Savannah
Age Trial,Honda,2015,18754,Inline-4,Petrol,34.689773500778415,White,Automatic,Tinabury
Get Else,Ford,2010,44213,Electric,Diesel,24.109221412344446,Green,Manual,New Jenniferbury
All Street,Audi,2019,36758,V6,Petrol,26.231650346900423,Silver,Automatic,New Marychester
Left Energy,Mercedes,2002,26964,V6,Electric,23.622871957319088,Gray,Manual,Foxhaven
Here Expert,Tesla,2017,33129,Electric,Hybrid,19.708263287568148,Black,Automatic,Laurenchester
Decade Business,Nissan,2002,36579,V8,Hybrid,42.33080730377135,Yellow,Automatic,South Anna
Whether Task,Nissan,2025,43354,V8,Diesel,35.49443195088149,White,Manual,New Victoria
Arrive Glass,Chevrolet,2011,47581,V8,Hybrid,17.28429492998111,Gray,Automatic,Lake Christopher
Ability Billion,Hyundai,2010,46499,V8,Electric,34.71712118724639,White,Manual,Andreaport
Carry Play,Toyota,2002,8921,V6,Petrol,23.291411612382667,White,Automatic,South Justin
Oil Cover,Chevrolet,2001,21481,V6,Diesel,32.290310368888754,Red,Manual,Danielfurt
You About,Hyundai,2023,25623,Turbo,Diesel,42.38521186567896,Silver,Manual,Castrofort
These Become,Chevrolet,2020,22384,Turbo,Petrol,27.643476022135616,Black,Automatic,Maldonadoberg
Water Grow,BMW,2007,39003,Turbo,Diesel,42.18957808481794,Black,Automatic,Andrewborough
Nature Style,Toyota,2004,5052,Turbo,Electric,43.25996120262124,White,Manual,Padillamouth
Out Car,Hyundai,2005,10904,V6,Electric,40.284505664217825,Silver,Manual,South Julian
Paper Next,Audi,2006,18142,Turbo,Diesel,29.71973192653073,Blue,Manual,Lindseychester
Leg Other,Nissan,2023,34619,Electric,Electric,39.91846225044635,Black,Manual,Jonathanfurt
Middle Former,Hyundai,2024,14019,V6,Electric,34.01392973473137,Blue,Manual,North Melissa
Determine Why,Chevrolet,2017,27478,Inline-4,Diesel,18.53023383060747,Yellow,Automatic,Hansenbury
Will Range,Toyota,2004,44080,Turbo,Petrol,26.348146190985148,Gray,Manual,West Josephstad
End Air,Ford,2021,18820,Electric,Diesel,32.49759032325906,Green,Automatic,North Crystal
Issue Themselves,Audi,2014,34309,V6,Petrol,20.078637170758867,Yellow,Manual,New Faith
Certain Look,Toyota,2011,37687,Electric,Hybrid,39.92737801704634,Red,Automatic,New Morganport
Former Southern,Ford,2011,5295,Turbo,Petrol,35.39354899602584,Red,Automatic,West Thomasview
Pull Apply,Chevrolet,2011,17994,Inline-4,Petrol,21.138391585794643,Gray,Manual,Brianshire
Interesting Especially,Audi,2012,44382,V8,Diesel,35.40398676238926,Black,Automatic,Port Albertfurt
Find Industry,Chevrolet,2006,25347,V8,Hybrid,27.190020229819304,Blue,Manual,Mikaylaborough
Father Over,Tesla,2019,28822,Turbo,Electric,18.58532197637481,Blue,Manual,Port Larryfurt
Itself Break,BMW,2022,6405,Turbo,Electric,27.07165887609964,White,Manual,Ramirezfort
Late How,Chevrolet,2021,15417,Inline-4,Electric,43.50798157531764,Silver,Automatic,North Michellechester
Property Interesting,Hyundai,2005,43813,V6,Petrol,26.95614037805769,Blue,Automatic,Nicoletown
At Throw,BMW,2022,9513,Turbo,Petrol,17.33534534713682,Black,Automatic,New William
Exactly Pick,Ford,2018,7116,V8,Electric,26.893647572749103,Red,Automatic,Lake Amandachester
Myself Especially,Toyota,2004,11472,Electric,Electric,20.346548554670107,Gray,Automatic,Bonillaville
Either Onto,Audi,2003,17469,V6,Petrol,17.30006095853339,Green,Manual,North Williamshire
Husband Feeling,Hyundai,2024,26629,Electric,Hybrid,23.755327013470904,Green,Manual,Rodneyton
Girl Occur,Nissan,2011,35591,Inline-4,Petrol,35.83381608035319,Black,Automatic,Port Danielfurt
Management Reality,Audi,2024,26489,V8,Hybrid,26.677108010215495,Red,Manual,Higginston
Behavior Knowledge,Hyundai,2009,27652,V8,Petrol,26.360469321386134,Yellow,Manual,Harringtonside
Organization Risk,Audi,2011,20634,Inline-4,Electric,17.547461760386714,Blue,Automatic,Adamsmouth
Admit Identify,Nissan,2014,10773,V6,Hybrid,32.62672568165388,Red,Manual,Williamsborough
Return Guy,Ford,2010,19247,V8,Diesel,17.172206916010854,Red,Manual,Wilkersonside
School Decision,Audi,2002,15044,V8,Electric,35.11866404573064,Gray,Manual,Lake Sydney
Wear Tax,Honda,2016,26699,Electric,Petrol,36.76685071270846,Black,Automatic,Ashleyfort
End Sign,Toyota,2010,46763,V6,Electric,40.10134996067738,Red,Automatic,Tanyaview
This Blood,Ford,2020,8631,Electric,Electric,44.63852688364391,Black,Manual,Lake Jessicafort
Its Artist,Mercedes,2019,49745,V8,Electric,30.3167256878155,Yellow,Manual,Thomasville
Tax Local,BMW,2025,38970,V6,Diesel,19.4727811148409,Blue,Manual,South Kelly
Month Image,Honda,2017,28663,Turbo,Diesel,29.009996690048936,Green,Automatic,North Judithport
Rock Mention,Toyota,2014,9147,Turbo,Diesel,38.239902263699555,Silver,Manual,Carolynshire
Message Should,Tesla,2016,38166,V8,Electric,26.0562069391012,Black,Automatic,East Frank
Conference Success,Chevrolet,2019,19910,Electric,Electric,32.6514309048564,Silver,Automatic,New Jacquelinestad
Model Dog,Toyota,2003,21550,Inline-4,Electric,19.23899344494634,Gray,Automatic,South Shawnfort
Answer Hope,Chevrolet,2004,34044,V6,Hybrid,34.03647602607667,Yellow,Automatic,Steventown
Kid Weight,Tesla,2020,13878,Inline-4,Electric,37.11528092088942,Green,Manual,Leefurt
Become Short,Nissan,2003,49581,V6,Petrol,26.31293593476845,Green,Manual,Stephaniemouth
Reason Save,Audi,2019,35031,Turbo,Electric,15.372794830402917,White,Automatic,Richardsonview
Expert Specific,Toyota,2022,46250,V6,Diesel,19.2248041260975,White,Manual,Christianton
Social Result,Honda,2005,43230,Inline-4,Electric,44.524261666801834,Silver,Manual,Christopherbury
Pretty Per,Toyota,2010,38776,Electric,Electric,23.73440117495484,Blue,Manual,Shelbyhaven
Feeling Father,Hyundai,2011,7964,Electric,Petrol,35.015863770398184,Blue,Automatic,South Jeffreymouth
Scientist Probably,Toyota,2007,22652,Electric,Diesel,29.09059486979515,Red,Manual,South Sarah
Probably West,Chevrolet,2018,49894,V6,Diesel,27.084494689232557,White,Automatic,Archermouth
Until Work,Ford,2022,41863,V6,Diesel,34.67739640521004,Yellow,Manual,East Sandraberg
Improve Voice,Toyota,2023,7883,Turbo,Petrol,42.34526263426039,Yellow,Automatic,Angelaton
Pretty Executive,Toyota,2012,43831,V6,Hybrid,21.983183170939757,Green,Automatic,New Kimberly
Cost Decide,Nissan,2012,18624,Turbo,Hybrid,31.13114945018727,White,Manual,Johnsonport
Fly Early,Honda,2022,44329,Electric,Diesel,24.000358868465472,Green,Manual,Saraland
Any Cost,Toyota,2002,41847,Turbo,Diesel,42.65042571521778,Blue,Automatic,South Williamstad
Team Next,Toyota,2006,13384,V8,Petrol,39.00111744446775,Red,Manual,Lisamouth
Data Daughter,Toyota,2010,40387,Inline-4,Electric,24.920270180199587,Yellow,Automatic,West Richardport
Consumer Sense,Tesla,2015,10505,Electric,Electric,32.87085590478377,Yellow,Automatic,East Jessica
Serve Others,Tesla,2005,34446,Turbo,Diesel,17.589038119037113,Gray,Automatic,Zacharymouth
Science Today,Audi,2010,33370,Electric,Diesel,18.485227642478044,Black,Manual,Jensenberg
Mission Bit,Chevrolet,2023,15786,Turbo,Diesel,27.291391075030006,Gray,Manual,Christopherfurt
Set Enter,Honda,2021,24467,Electric,Hybrid,20.341128781556904,White,Automatic,Justinfort
Everything Opportunity,Mercedes,2012,47644,V8,Diesel,26.925042374333863,White,Manual,Scottshire
Sing Through,Nissan,2012,42652,Turbo,Hybrid,16.48627770938582,Black,Manual,East Julie
Control Necessary,Audi,2023,9370,Inline-4,Hybrid,44.86778194383376,Blue,Automatic,New Anthony
Movie Ability,Ford,2012,5022,Inline-4,Diesel,24.055791443885404,Blue,Automatic,Natalieton
Place Cut,Honda,2000,23988,Inline-4,Petrol,17.408681741197178,Blue,Automatic,New Elizabeth
Little Baby,Nissan,2014,26063,V6,Hybrid,21.390523727637998,Silver,Automatic,Mathewchester
Miss Because,Tesla,2012,27674,V6,Electric,34.61067054964549,White,Manual,New Meganmouth
Want Raise,Hyundai,2002,14428,V6,Hybrid,22.14984164668205,Black,Manual,East Stephen
Sing Even,Hyundai,2013,49331,Electric,Petrol,20.920179440154737,Blue,Automatic,Stanleytown
Network Majority,Tesla,2021,23704,V8,Electric,41.534175231009186,Yellow,Manual,Rebeccafort
Movement Between,Honda,2013,37030,Turbo,Hybrid,21.567199953259763,White,Manual,South Marcus
Certain Week,Nissan,2016,9017,V8,Electric,19.663887091937703,Blue,Manual,East Carolhaven
Test Under,Nissan,2002,13035,Inline-4,Electric,39.779617153594074,Gray,Automatic,Matthewmouth
Stand Memory,Chevrolet,2025,26664,Inline-4,Hybrid,20.465835334452535,Gray,Automatic,Angelaview
Police According,Honda,2021,7832,Inline-4,Electric,34.08578038150975,Red,Automatic,West Travis
Southern Old,BMW,2010,40416,V8,Diesel,41.122407192214304,Black,Manual,Miguelview
Report Right,Toyota,2001,26799,V8,Diesel,24.927560430387665,Yellow,Automatic,West Michael
Ok Site,Hyundai,2011,15143,V8,Hybrid,19.282507905132512,Green,Automatic,Williamsview
Up Resource,Nissan,2003,39317,Turbo,Hybrid,15.111993338866354,Blue,Automatic,New Spencer
Blue Power,Honda,2024,26864,V6,Petrol,17.46869773211965,Red,Manual,North Stacyhaven
Project Scene,Audi,2022,7860,V8,Hybrid,35.954930479768066,Silver,Automatic,Thomasville
Serve Language,Chevrolet,2006,8550,Inline-4,Petrol,18.118639817396257,Green,Automatic,North Tracy
Drug Evening,Ford,2000,43392,V6,Hybrid,23.271461853794825,Green,Automatic,Stokesland
Board Type,Nissan,2024,47173,Electric,Diesel,27.350041479957795,White,Manual,Barbaraport
Support Environmental,Toyota,2005,15308,Turbo,Hybrid,35.34545523565025,Silver,Manual,North Annaland
Air Sort,Chevrolet,2003,9368,Inline-4,Hybrid,33.06767732421734,Blue,Manual,Debramouth
Carry Understand,Chevrolet,2006,42672,V6,Diesel,28.960564969606423,Yellow,Automatic,Kingland
Third Major,BMW,2005,15232,V6,Diesel,21.214119961860312,Silver,Manual,Port Jeremyburgh
Development Pick,Nissan,2017,27237,V8,Electric,43.28486655334633,Gray,Manual,Josephchester
Ready Degree,BMW,2023,45930,Electric,Petrol,22.060908527046784,Blue,Automatic,East Shanefort
Factor Within,Chevrolet,2001,32729,V6,Petrol,39.6006888703155,White,Manual,Jonesborough
Meeting Spring,Ford,2020,24266,V6,Petrol,17.004201897460955,Green,Manual,Josemouth
Attack Total,Tesla,2022,14160,Turbo,Petrol,31.100823853165792,White,Manual,Lisachester
Arm Remain,Toyota,2020,44851,Electric,Diesel,24.0429468123423,Green,Automatic,Lake Michelefort
Free No,Chevrolet,2006,26450,Inline-4,Electric,30.585192016926758,Red,Manual,Staffordland
Blood Clear,Hyundai,2022,20398,Electric,Diesel,38.643130430382016,Black,Automatic,New Robertchester
Respond Catch,Chevrolet,2018,32754,Turbo,Electric,21.89196233177347,White,Automatic,Mosesside
Organization Federal,Audi,2011,28172,V8,Diesel,24.425070838140417,White,Manual,West Greggberg
Manager Subject,Toyota,2007,35693,Electric,Diesel,41.0808835476962,Yellow,Manual,Whitebury
Mr Receive,Ford,2005,7055,V8,Petrol,23.516658970139737,Black,Manual,Stephenchester
Admit Billion,Honda,2023,36521,Electric,Diesel,36.197029639524516,Silver,Automatic,Owensfort
North Sister,Hyundai,2017,12763,Electric,Petrol,16.943571589102014,Gray,Automatic,Lake Rhonda
Land Discover,Mercedes,2016,23764,Turbo,Hybrid,35.734131221064615,Gray,Automatic,North Teresaview
Economy Describe,Nissan,2009,27278,V6,Diesel,37.17431425777883,Black,Manual,New Mark
Challenge Question,Toyota,2004,46491,Turbo,Diesel,37.835519414511765,Blue,Manual,Williamsside
Foreign Far,Ford,2002,8348,V6,Electric,38.82929504512866,Red,Manual,Fergusonstad
Finally Avoid,Audi,2021,41332,V8,Diesel,17.993499298369365,Silver,Automatic,Port Samuelview
Major Process,Toyota,2014,47584,V6,Diesel,35.927027688115395,Red,Manual,Sherryburgh
Another Reach,BMW,2002,13213,V6,Electric,26.666893229307178,Green,Automatic,Holtburgh
Rise Move,Nissan,2005,16961,Inline-4,Electric,39.76665049267657,Silver,Manual,Benjamintown
School Service,Nissan,2002,17479,V8,Petrol,29.66760379063651,Silver,Automatic,Jacksonmouth
Large Apply,Toyota,2017,18176,Inline-4,Hybrid,20.13111584017951,White,Automatic,North Mathewbury
General Someone,Honda,2016,9599,V8,Hybrid,28.22998644542655,Red,Manual,Bridgesview
According Put,BMW,2002,49637,Inline-4,Electric,35.0233819523544,White,Automatic,Lake Alyssaside
Hair Store,BMW,2012,43241,Inline-4,Hybrid,23.86704501471884,Red,Manual,Lake Tammybury
Most Election,Toyota,2020,8497,V6,Electric,17.767649286111073,Blue,Manual,West Jessica
His Part,Toyota,2020,41069,Turbo,Electric,43.891252348447736,Yellow,Automatic,Angelaside
Forward Degree,Mercedes,2001,9357,V8,Diesel,33.11518874341473,Black,Manual,Port Annaberg
Model Toward,Chevrolet,2003,21684,Turbo,Diesel,32.420000825109696,Silver,Manual,West Brandon
A Finish,Toyota,2000,45167,Turbo,Hybrid,27.18196518740828,Yellow,Manual,South Kimville
Sense Apply,Honda,2011,41430,V8,Petrol,41.023133735811584,Gray,Manual,West Leslie
Issue Only,BMW,2014,8778,V8,Electric,28.504232912098068,Yellow,Manual,Gregoryville
Memory Start,Mercedes,2016,32084,Inline-4,Diesel,19.383011371748772,Blue,Automatic,East Katherine
One Him,Chevrolet,2011,31892,V6,Hybrid,41.49505477783261,Red,Manual,Port Andreafort
Leave His,Chevrolet,2012,45822,Turbo,Hybrid,29.01472360803919,Blue,Automatic,North Joanneburgh
Better Especially,Mercedes,2007,9039,V8,Electric,33.76730710401847,Yellow,Manual,Hortonland
Speech Admit,Toyota,2011,23795,Electric,Electric,28.763884839742154,Yellow,Automatic,Thompsonburgh
Left School,Audi,2024,10709,V6,Hybrid,22.120300452837878,Red,Automatic,North Kevin
Four Office,Nissan,2000,47634,Electric,Hybrid,24.143832868018116,Yellow,Manual,North Cindyberg
Course Whom,Tesla,2009,22154,Electric,Hybrid,41.38917039915697,White,Manual,Lake Davidview
Play Quickly,Mercedes,2002,9481,Turbo,Hybrid,39.526361970581,Red,Automatic,New Joanneton
Study New,Chevrolet,2018,47098,V8,Hybrid,17.536139287700692,Silver,Manual,North Jillland
Day Focus,Toyota,2013,43948,Inline-4,Diesel,37.41124937426192,Blue,Manual,Chenfort
Store Loss,Honda,2016,8956,V6,Hybrid,33.15909754181476,Yellow,Automatic,Garrisonton
Discussion Military,BMW,2008,24146,Electric,Hybrid,37.14831868509833,Blue,Automatic,South Anthonyborough
Kind Agent,Ford,2015,29660,Inline-4,Hybrid,34.867908491644116,Yellow,Manual,North Tiffanychester
Realize Dark,Toyota,2001,38490,Electric,Electric,40.713635030007794,Yellow,Manual,Dawnfort
Long Hair,Tesla,2024,49007,Electric,Petrol,33.25137528808265,Yellow,Automatic,North Jennifer
Agreement Together,Ford,2011,38083,Electric,Diesel,25.382203815368964,Blue,Automatic,Ramosfort
Vote Including,Hyundai,2017,34137,Inline-4,Petrol,15.132243310590601,Black,Automatic,Sandersport
Reflect Create,Toyota,2000,18998,Inline-4,Diesel,23.81021642141503,White,Automatic,Danielfort
Effort Act,Tesla,2000,7390,V8,Petrol,36.6030849474475,Green,Automatic,West Keith
Early Anyone,Honda,2003,34895,Inline-4,Petrol,18.2752060413309,Yellow,Automatic,Thomashaven
Hear Something,BMW,2013,26671,Electric,Electric,26.885319791339214,White,Manual,Port Tinachester
Together Number,Tesla,2013,42304,Inline-4,Petrol,40.72328176675308,Silver,Automatic,Myersstad
Nature Right,Tesla,2010,17436,Electric,Hybrid,23.09294110212602,Blue,Automatic,Lawrencefort
Total Four,Hyundai,2004,28777,V8,Electric,44.04606259062594,Blue,Manual,Lake Charles
Maintain Performance,Tesla,2013,31527,V6,Electric,17.304307396148968,Silver,Manual,Melindaberg
Man Available,Ford,2023,7389,Turbo,Hybrid,35.02513238013475,White,Manual,East Timothyshire
Increase Identify,Hyundai,2009,5883,Turbo,Electric,19.39863692447291,Silver,Manual,Lake Michael
Line Something,Mercedes,2004,15323,V6,Diesel,22.576709296291515,Silver,Automatic,Christopherfort
Share Mission,Chevrolet,2015,9992,V8,Hybrid,17.415049524707644,Black,Manual,Bondland
Assume Once,Mercedes,2003,24519,V8,Petrol,40.92891507549839,Yellow,Automatic,Gonzalezmouth
Knowledge Kind,Chevrolet,2009,17982,Turbo,Diesel,34.04283448246429,Silver,Manual,Hernandezton
Movie Painting,Toyota,2012,39779,Turbo,Diesel,25.01624713967813,White,Automatic,Angelaton
Agency Film,Tesla,2016,33209,Turbo,Petrol,35.31184111380642,Yellow,Automatic,Jimenezton
Management According,Tesla,2017,46140,V6,Petrol,44.032557665417,Red,Manual,West Nicolehaven
Society Company,Honda,2023,39371,Inline-4,Diesel,21.92150759059033,Gray,Automatic,North Dennisland
He Subject,Honda,2000,30594,Turbo,Petrol,26.338492742644405,Green,Automatic,East Saraside
Many Attack,Mercedes,2015,32540,Inline-4,Diesel,35.529764765080785,Blue,Manual,Kellyburgh
His Various,BMW,2022,16560,V8,Electric,29.146981999972724,White,Manual,Port Johnny
Across Especially,Chevrolet,2005,33806,Inline-4,Electric,35.101337605829656,Black,Automatic,Tammybury
Relate Draw,Toyota,2001,18578,Turbo,Diesel,17.02350413893731,Red,Manual,Hinesland
Accept Minute,BMW,2001,39827,Inline-4,Electric,43.46017016254163,Red,Automatic,Jenniferchester
Civil Foreign,Ford,2019,38767,V8,Electric,23.11611149780134,White,Manual,Cookfort
Blood Order,Hyundai,2007,34843,V8,Electric,18.873418136234594,Gray,Manual,Russelltown
Event Better,Audi,2009,45808,V8,Diesel,37.1090995726979,Yellow,Automatic,South Charlesborough
Set Start,Tesla,2012,47684,V8,Petrol,27.82516662520878,White,Automatic,North Jeannebury
Forget Subject,Ford,2024,45283,V8,Petrol,25.772979386876255,Green,Automatic,Katiehaven
Such Leg,Toyota,2009,23633,V8,Electric,27.669302861192808,Yellow,Automatic,West Brian
Final Account,Chevrolet,2008,48119,Turbo,Diesel,27.084672202467026,Gray,Manual,Jacobland
Or Morning,Tesla,2013,46863,Inline-4,Diesel,36.45803065570979,White,Automatic,West Williamshire
Food Whole,Tesla,2018,28258,Turbo,Diesel,39.010893904733805,Red,Automatic,Laurenmouth
Challenge Lawyer,Audi,2002,29044,Inline-4,Petrol,16.50322153849266,Yellow,Manual,Millerview
Goal Past,Chevrolet,2021,21360,V8,Electric,22.151911662723638,Gray,Automatic,Laurietown
Number Huge,BMW,2006,25527,V8,Petrol,16.06481916170208,Black,Automatic,Mitchellburgh
President Themselves,Toyota,2012,18483,V8,Petrol,32.739555631105915,Green,Manual,Jamesborough
Hard Into,Chevrolet,2013,14953,Electric,Hybrid,24.47637530390735,White,Automatic,Reedborough
Sense Actually,Ford,2004,48924,Turbo,Hybrid,17.654786092208095,Silver,Automatic,West Joe
Member Special,Ford,2017,14185,Inline-4,Hybrid,20.278604081004765,Blue,Manual,Davisberg
Voice Or,Toyota,2017,30047,V8,Petrol,28.203430620404873,Green,Automatic,North Keithmouth
Push Newspaper,Hyundai,2014,31524,Turbo,Hybrid,37.372367844728885,Blue,Automatic,Whitehaven
Fact Almost,Toyota,2001,21431,Turbo,Hybrid,26.607338870190073,Silver,Automatic,Micheleberg
Owner Painting,Tesla,2015,18606,Turbo,Petrol,29.08986096683021,Gray,Automatic,Tammyberg
Spend Front,Tesla,2000,17404,V8,Hybrid,40.34786735307564,White,Manual,North Jeffreychester
Artist Political,Honda,2003,5721,V8,Petrol,33.06708430482527,Gray,Automatic,Lake Vanessaport
Third Partner,Mercedes,2024,21839,Turbo,Diesel,24.74211162081771,White,Manual,South Karenfurt
Between Purpose,Chevrolet,2010,36509,Inline-4,Electric,33.725340058414275,Silver,Automatic,East Ericmouth
Help Draw,Nissan,2023,39519,V8,Hybrid,21.27008675923962,Gray,Automatic,Lauraville
Nor This,Chevrolet,2002,38940,V6,Electric,36.985470355760945,Red,Automatic,Brittanyshire
Thought Reveal,Ford,2019,46553,Electric,Electric,18.228196637839837,Gray,Manual,South Nicole
Everybody Child,Nissan,2000,46145,Turbo,Petrol,16.615155223426658,Blue,Automatic,New Karen
Whom Rest,Ford,2024,47355,V6,Electric,33.03399858193188,Black,Automatic,Howellton
Visit Be,Mercedes,2020,6761,V6,Petrol,32.529129933219565,Black,Manual,East Karenchester
Game Over,Hyundai,2007,12038,V8,Diesel,17.803026261400177,White,Manual,Harperview
Sister Also,Hyundai,2009,16602,V8,Hybrid,40.790552914374544,Green,Manual,South Mercedesberg
Security List,Honda,2002,27068,V6,Diesel,20.531468111894313,Yellow,Manual,South Joseph
To Easy,Hyundai,2015,34533,Electric,Diesel,23.365282680847443,Gray,Manual,Brianview
Language Various,Tesla,2013,45021,V6,Petrol,32.63367952076167,Black,Automatic,Haydenville
Believe Population,Mercedes,2013,15832,Electric,Hybrid,34.6317347791792,White,Manual,Port Richard
Under Approach,Nissan,2020,32974,V6,Petrol,43.78247990102345,Black,Automatic,Nicholsonmouth
Indeed Pick,Nissan,2003,34206,Turbo,Electric,19.396901719904793,Gray,Manual,East Elizabethmouth
Expect Market,Mercedes,2018,19383,Inline-4,Hybrid,36.2076703052067,Yellow,Manual,East Robert
Police Leader,Nissan,2011,12156,Electric,Electric,19.10985459956384,Blue,Manual,Port Andreaport
Old Last,Mercedes,2022,20863,V8,Petrol,18.79711641501659,Red,Manual,South Laurachester
True Director,Tesla,2014,22539,V8,Petrol,36.01834725404612,Green,Automatic,Port Paulview
Door Event,Honda,2014,45940,V6,Hybrid,44.50106385770433,Blue,Automatic,North Timothybury
Where Beyond,BMW,2005,40332,Electric,Petrol,33.61071321720168,Silver,Manual,Allenmouth
Simple Protect,Audi,2007,19405,Electric,Diesel,32.684907045663394,Gray,Manual,Evanport
Short Question,Chevrolet,2022,43408,V6,Diesel,36.89431848425666,Silver,Manual,West Michelleview
Attention Brother,Mercedes,2013,48837,V6,Diesel,23.732398339230194,White,Automatic,North Jon
Pm Similar,Tesla,2024,10952,Electric,Diesel,29.770498211625608,White,Manual,West Shannon
Season Hit,Chevrolet,2005,40604,Inline-4,Diesel,30.570795586521953,Yellow,Manual,Jamesburgh
Life Peace,BMW,2022,17380,Turbo,Petrol,33.455896163895105,Gray,Manual,South Lisa
Able Else,Audi,2018,37457,V6,Electric,19.7617211953208,Green,Automatic,East Anthony
Seem Serious,BMW,2009,19536,Turbo,Hybrid,44.006505663021635,Red,Automatic,North Ronald
Sure Around,Nissan,2024,17880,Electric,Hybrid,17.40438893512874,White,Automatic,East Katherine
Catch Take,Tesla,2010,37362,Electric,Diesel,44.97057347553592,Green,Manual,Theresafurt
Evening Open,Nissan,2013,14019,Turbo,Electric,43.75081678973403,Green,Automatic,Gomezside
Cover Beat,Ford,2005,24419,V6,Hybrid,22.63071935679411,Red,Automatic,Port Erinside
Race Should,Honda,2006,44320,Inline-4,Diesel,22.266447105991915,Yellow,Automatic,North Veronica
Expect Message,BMW,2016,39686,Turbo,Petrol,34.02003989716553,Green,Automatic,New Helenborough
Participant Upon,Audi,2014,32290,V8,Petrol,19.314931617580008,Green,Automatic,East Aaronview
Measure Cut,Mercedes,2017,42372,Inline-4,Diesel,42.22298159922114,Black,Automatic,Port William
Enough Street,Tesla,2003,36175,V6,Diesel,39.03201063702109,Gray,Automatic,Turnerberg
Laugh Her,Toyota,2001,7091,Inline-4,Electric,44.038721214451,Yellow,Manual,Robertstad
Sound Mrs,Hyundai,2006,9499,V8,Electric,24.13937803169412,Gray,Automatic,Lake Timothy
Really Most,Toyota,2008,14231,Turbo,Electric,30.625051705610886,White,Manual,New Aaron
Fill Agreement,Toyota,2021,6301,V8,Diesel,22.599593419809374,Silver,Automatic,New Rachel
News Image,BMW,2023,9005,Turbo,Diesel,38.26476199164985,Green,Manual,Jamesbury
Also Shoulder,Toyota,2018,33404,Electric,Hybrid,33.61142658360923,Blue,Manual,North Erin
Address Financial,Ford,2001,14620,Electric,Hybrid,28.434909538282454,Blue,Manual,New Jeffrey
Red We,Ford,2003,38595,V6,Diesel,16.07784384002071,White,Manual,Mcdonaldside
Race Sort,Audi,2017,11336,Inline-4,Petrol,42.039933739359334,Red,Automatic,West Lori
There Job,Honda,2012,46849,V6,Diesel,28.681275444119372,Green,Manual,Port Kristinfurt
Much Eight,Chevrolet,2011,27034,V6,Petrol,38.293774608787984,Gray,Automatic,North Ashley
Feel Give,Nissan,2000,11874,V8,Hybrid,20.035936765543646,White,Automatic,Kathrynview
Worker Hair,Mercedes,2010,26623,Inline-4,Electric,17.762475566639615,Silver,Automatic,Stephanietown
Able Discover,BMW,2010,12977,Electric,Electric,26.385284807400076,Red,Automatic,Marcuston
Administration Bed,Audi,2015,24430,V8,Petrol,34.55824959093417,Black,Manual,West Heiditon
Reality Accept,Toyota,2024,28212,Turbo,Diesel,36.00419089173658,Yellow,Manual,Jordanberg
Cell Customer,Chevrolet,2010,28706,Electric,Petrol,24.407814720220667,Silver,Automatic,Dayview
Street It,Nissan,2015,25550,V8,Electric,32.994277911631116,White,Manual,Smithburgh
Prevent Market,Toyota,2010,17056,Electric,Hybrid,29.472727256319473,Silver,Manual,Wrightberg
Trouble Sign,Tesla,2020,39774,Turbo,Hybrid,23.90866819253059,Blue,Manual,Lake Melanieside
Put End,Mercedes,2019,13112,V6,Electric,37.22693773072498,Blue,Manual,Williamhaven
Pass Rest,Hyundai,2020,20512,Electric,Petrol,33.29349341931503,Yellow,Automatic,Lake Kathleen
Born Down,Audi,2013,44737,Electric,Diesel,17.304525411490648,Gray,Automatic,Peterfurt
Couple While,Audi,2021,46332,Inline-4,Electric,43.71722532245572,Yellow,Automatic,Bonillaburgh
Decade Speech,Audi,2023,10640,Turbo,Diesel,17.169407272919834,White,Manual,New Markmouth
Accept Concern,Tesla,2012,36392,V6,Diesel,30.187723512753756,Yellow,Manual,Whiteland
Government Establish,Mercedes,2023,23861,V8,Electric,26.404511762130433,Black,Automatic,West Justin
Trial Goal,Tesla,2018,32662,Electric,Petrol,43.75379940938727,Yellow,Manual,Port Charles
Goal Identify,Ford,2006,10604,Inline-4,Electric,17.048823784258033,Gray,Manual,Jessicastad
Congress Main,Mercedes,2019,35246,Inline-4,Diesel,40.958691107264904,Silver,Manual,Wardborough
Issue Safe,Ford,2011,24681,Inline-4,Diesel,31.789132649830943,Black,Automatic,Port Luke
Kitchen Note,Tesla,2019,21661,V8,Hybrid,22.272870555211878,White,Manual,New Cody
Foot Network,Tesla,2018,47808,V8,Hybrid,22.288913049229283,Silver,Manual,Mccartyview
Prove Man,Tesla,2004,38198,Electric,Hybrid,40.21307725368641,Silver,Automatic,Lopezside
Five Agent,Tesla,2007,28576,Electric,Hybrid,35.555437458858975,Red,Manual,New Jose
Smile Trouble,BMW,2002,32713,Inline-4,Electric,27.485083523724782,Red,Automatic,Port Matthew
Social Public,BMW,2002,46553,Electric,Hybrid,31.652621612397525,Blue,Automatic,West Lawrenceton
Hit Kitchen,Chevrolet,2001,24311,V8,Petrol,20.777164100267598,Black,Automatic,Dickersonton
Wind Sea,Honda,2013,8647,Turbo,Diesel,24.92744865067219,Gray,Manual,Julieberg
Thought Feeling,Tesla,2019,30287,Turbo,Hybrid,43.78428680166568,Green,Automatic,Mckayton
Expert Soon,BMW,2009,38819,Electric,Electric,29.46904838801137,Red,Automatic,Longmouth
Several Send,Honda,2006,42831,V8,Electric,19.72462431767618,Red,Manual,New Jeffrey
Win Race,Tesla,2014,13685,V8,Petrol,26.675971435982447,Yellow,Manual,New Randyfurt
Source Accept,Hyundai,2023,31760,Electric,Electric,38.17050295321397,Red,Manual,New Brittany
Large Lose,Audi,2006,26463,V8,Petrol,41.704303900212736,Green,Automatic,Williamview
Approach Over,Chevrolet,2013,43785,V6,Electric,44.4793200101481,Black,Automatic,Lindaview
Three In,BMW,2005,14930,Turbo,Diesel,33.62557673585404,Yellow,Manual,Jadeside
Right Quite,Nissan,2001,28192,Inline-4,Diesel,26.945490615845245,Blue,Automatic,Jonesbury
Action Customer,Nissan,2017,48189,Electric,Petrol,33.483991989249816,Gray,Manual,Lake Jason
President Couple,Hyundai,2019,48065,Electric,Diesel,35.17571553044672,Blue,Manual,North Michelle
Myself Factor,Ford,2005,47243,Turbo,Diesel,42.679449277223085,Gray,Manual,Brittanyshire
Nor These,Tesla,2011,19054,Inline-4,Petrol,35.025175042327874,White,Automatic,New Rachel
Drive Short,Chevrolet,2010,22563,Turbo,Hybrid,36.2679594963936,Gray,Automatic,Port Laura
Who Through,Tesla,2004,30144,Inline-4,Electric,34.083375547010974,Gray,Manual,Albertmouth
Generation Understand,Audi,2002,23614,Electric,Diesel,33.33639391922301,Blue,Manual,Stevetown
Sound Work,Nissan,2016,45546,Electric,Diesel,26.758538386579623,Yellow,Automatic,Tylertown
Mind Final,Honda,2013,44877,Turbo,Petrol,28.762016998972022,Green,Manual,Stephentown
Election Television,Audi,2013,17254,Electric,Hybrid,27.761385994836214,Blue,Automatic,Port Chad
Perform Memory,BMW,2015,16827,V8,Petrol,18.35595536803995,White,Manual,South Tyler
Church Town,Mercedes,2019,36246,Turbo,Hybrid,42.87612227539839,Silver,Manual,New Kathryn
Hear Rich,Mercedes,2021,37992,Turbo,Hybrid,21.753981942847467,Black,Manual,Andersonberg
Half Nor,Honda,2012,7165,V8,Electric,20.438650623444133,White,Manual,South Jodi
Yard Girl,BMW,2016,23575,Electric,Petrol,33.2789207293531,Silver,Automatic,South Juliestad
Modern Seek,Nissan,2025,10708,Inline-4,Diesel,18.627993059243252,Red,Manual,South Yolandabury
Worry Bit,Chevrolet,2023,41054,V8,Diesel,27.547155425485897,Red,Manual,East Candice
Cost Physical,Toyota,2018,46329,Turbo,Petrol,20.443963334871775,Gray,Automatic,North Katieport
Memory Campaign,Tesla,2007,6097,V8,Electric,44.5502706554233,Red,Automatic,Hernandezville
Senior Billion,Toyota,2001,10297,V6,Diesel,43.33444686295198,Yellow,Manual,North Angelaport
Drop Somebody,BMW,2024,46623,Turbo,Hybrid,28.402594254986376,Green,Manual,Tylerside
Eight Everybody,Honda,2003,21243,V6,Diesel,30.743672077384417,Black,Automatic,Haynesmouth
Window He,Tesla,2015,32648,Inline-4,Diesel,34.85136354892604,White,Automatic,Brookshaven
Six Range,Honda,2018,28994,V8,Electric,33.63264224140163,Black,Automatic,Lake Nathaniel
Size Let,Chevrolet,2005,18438,Inline-4,Petrol,29.932076638804663,Silver,Manual,North Denniston
Arrive Success,Mercedes,2000,17016,Turbo,Petrol,36.807678697273374,Red,Manual,Joshuamouth
Local Leave,BMW,2009,15990,Electric,Petrol,36.429027327786386,Gray,Manual,South Darrylhaven
Foreign Face,BMW,2018,47637,Turbo,Hybrid,16.69100072015692,Black,Automatic,North Ronald
Environmental Friend,Nissan,2011,47719,V8,Electric,18.31883621194164,Black,Automatic,Port Joshua
Community Room,Ford,2024,11381,V8,Hybrid,40.73345781155669,Green,Automatic,Lake Jennifermouth
Include Many,Ford,2020,11558,V6,Hybrid,44.36891516616272,Green,Automatic,Lake Whitney
Start Under,Ford,2016,31430,V8,Electric,19.01291860896253,Red,Automatic,West Alexander
All On,Chevrolet,2021,40416,Turbo,Diesel,26.038880359533316,Yellow,Automatic,Theodoreburgh
Build Man,Ford,2003,43149,V8,Diesel,31.98020830077417,Yellow,Manual,Lake Barry
Final Though,Hyundai,2014,35878,Electric,Electric,44.97254738136334,Yellow,Automatic,Wongfort
Security Activity,Honda,2021,20214,V6,Petrol,28.522481599174718,Black,Automatic,North Roger
Raise Suggest,Honda,2007,8319,Inline-4,Electric,43.73165427202135,Gray,Automatic,Grossville
Challenge Need,Audi,2015,6252,Electric,Diesel,31.284613240681978,Gray,Automatic,Christopherside
Than Technology,Hyundai,2013,38007,Turbo,Hybrid,32.216372762635054,White,Manual,Serranoview
Investment Close,Audi,2013,22792,V6,Petrol,36.91049776293468,Gray,Manual,North Elizabethhaven
Political Race,BMW,2020,9589,Turbo,Petrol,18.981696486869716,Silver,Automatic,Rogersshire
Arrive Catch,Nissan,2004,17678,V8,Petrol,19.23230071992709,Blue,Manual,Mariachester
Business Deal,Tesla,2009,12362,Inline-4,Hybrid,39.84920125727143,Yellow,Manual,Richardsonton
Other Account,BMW,2006,30758,Electric,Diesel,35.58457625907049,Silver,Manual,New Heidiport
Vote Knowledge,Mercedes,2023,40840,Inline-4,Electric,22.028915110617426,Gray,Automatic,Nguyenburgh
Seven Allow,Mercedes,2012,7475,Turbo,Hybrid,33.12536868282497,Black,Manual,Jonathanland
Arrive Different,Toyota,2017,28742,V8,Hybrid,21.246132736452118,Yellow,Manual,Boothtown
Himself Dream,Toyota,2020,20959,V6,Hybrid,28.604295910973967,Silver,Manual,Jordanland
Teacher Story,Nissan,2009,22147,V6,Petrol,17.930258967728516,Yellow,Automatic,Andrewbury
Ground Staff,Honda,2010,20322,V6,Hybrid,28.72994851904141,Red,Automatic,Christopherstad
Arm Structure,Hyundai,2016,24386,V6,Electric,40.22918598628044,Blue,Automatic,Goldenville
Fall Yet,Tesla,2002,6254,V8,Electric,30.46463315353138,Black,Automatic,South Derek
Wrong Keep,Audi,2025,31459,V6,Electric,16.571431885281832,Blue,Automatic,New Kathy
Increase Guess,Honda,2015,22713,V8,Hybrid,35.84535816590811,Green,Manual,New Janetport
Defense Section,Tesla,2012,43182,V8,Diesel,28.17377943955508,Yellow,Automatic,Janicestad
Imagine Face,Hyundai,2001,22542,V8,Hybrid,22.50205331318914,Black,Automatic,Davidport
Follow Level,Audi,2003,23918,Electric,Petrol,39.14890855862217,Black,Automatic,North Denise
System Southern,Mercedes,2004,29745,Turbo,Hybrid,40.17828831458744,Yellow,Automatic,Mendozamouth
Believe Without,Nissan,2013,39092,V6,Diesel,42.02445716350498,Silver,Manual,Port Andreaside
Seek Up,Ford,2017,36022,Inline-4,Hybrid,31.620082245815126,Silver,Automatic,Swansonstad
Data Cell,Audi,2008,12294,V8,Hybrid,25.093937120513058,Gray,Automatic,Randymouth
Career Evening,Toyota,2016,25988,Electric,Petrol,27.940659808215095,Silver,Manual,Dillonville
Fire Speech,Ford,2009,49500,V6,Petrol,21.18371012588552,Yellow,Manual,South Kimberlyton
Visit All,Mercedes,2016,23848,V6,Hybrid,41.12479974838649,Blue,Manual,Port Rebekahberg
Leave Like,Chevrolet,2018,33257,Inline-4,Hybrid,21.28376235058835,Gray,Manual,West Zacharyport
Control Support,Toyota,2001,46526,V6,Diesel,22.557006021606348,Blue,Manual,New Josephburgh
Media Hold,Mercedes,2018,48473,V6,Diesel,16.217511411506102,Red,Manual,Lake Dalton
Strong Most,Tesla,2019,11409,V8,Hybrid,29.59789904684822,Gray,Manual,Jensenmouth
Rock Hotel,Tesla,2025,24178,Turbo,Diesel,19.01905550582933,Gray,Manual,West Laurashire
Too American,Audi,2022,8453,Inline-4,Electric,40.79492932446773,Silver,Automatic,Sextonstad
Cut Way,Hyundai,2007,18253,V8,Hybrid,31.45572737797773,Blue,Manual,Lake Shari
Peace Whatever,Nissan,2010,42603,Electric,Petrol,23.99669952821023,Black,Automatic,North Adrian
Room Size,Toyota,2023,28301,Inline-4,Petrol,42.16762256401104,Green,Manual,Patelchester
Service Not,BMW,2014,42778,Turbo,Hybrid,23.679225300243786,Blue,Automatic,Kaylaberg
From Need,Audi,2019,32898,V6,Diesel,19.888290752329453,Green,Automatic,Lake Rachel
Easy History,Hyundai,2023,41203,Inline-4,Hybrid,25.252594985564087,White,Manual,Medinachester
Movement Fact,Honda,2004,27384,V8,Petrol,31.568486141287984,White,Manual,West Mariahton
Onto Or,Mercedes,2022,18540,Electric,Electric,40.10652812305492,White,Manual,Tranborough
Focus They,Honda,2020,46670,V6,Diesel,31.591768618371773,Blue,Manual,Meyerfurt
Yes Child,Tesla,2010,20314,Turbo,Petrol,35.233575677946305,Gray,Automatic,West Jonathan
Goal Social,Ford,2025,8797,Turbo,Hybrid,28.124953278619095,White,Automatic,Port Kevin
Soldier Smile,Ford,2008,48325,Inline-4,Electric,43.316911982404015,Green,Automatic,Port Michael
Apply Better,Honda,2007,29149,Inline-4,Electric,22.61120912904292,Red,Manual,West Christina
Current Defense,BMW,2009,42482,Inline-4,Diesel,41.31389996343458,White,Manual,Port Sean
Rest Billion,Hyundai,2002,37129,Turbo,Petrol,37.22143962877054,Red,Automatic,Helenmouth
Able Free,Audi,2015,27105,V6,Hybrid,34.472137644460936,Black,Automatic,Williamfort
Hold Thus,BMW,2000,30943,V6,Electric,29.6519565347872,White,Automatic,Jessicashire
Image Both,Audi,2024,15313,Electric,Diesel,36.076667225823684,Red,Automatic,Jennyfurt
Two Project,BMW,2018,12115,V6,Diesel,32.71582459780906,Yellow,Manual,Williammouth
Have Down,Toyota,2015,15133,Inline-4,Hybrid,23.852603453190365,Blue,Automatic,South Andrew
South Deal,Toyota,2015,9367,V8,Hybrid,22.380161957639814,Yellow,Automatic,North Jasonville
Ready General,Honda,2011,20881,Electric,Hybrid,35.985752272024584,White,Automatic,New Robert
Radio Fund,Audi,2000,13588,Inline-4,Petrol,24.404282173732575,White,Manual,Gravesstad
Exactly Adult,BMW,2005,24226,V6,Hybrid,44.50873305923129,Silver,Automatic,Johnsonfurt
Tree Citizen,Ford,2004,21087,Turbo,Diesel,26.2381853291642,Yellow,Automatic,Robinton
Consider Structure,Mercedes,2016,15422,Inline-4,Hybrid,19.241177084102972,Gray,Manual,Adamstown
Court Any,Nissan,2018,30292,V8,Electric,29.706151572824062,White,Manual,Brianside
Price Capital,BMW,2014,43045,Inline-4,Electric,26.716548140231858,Black,Manual,Longmouth
Hear Everything,Nissan,2014,9870,Turbo,Diesel,43.98541875327798,Yellow,Manual,Roberthaven
Officer Voice,Chevrolet,2017,21111,Turbo,Diesel,42.32109150364763,Blue,Automatic,South Brett
Discussion Key,Toyota,2019,40930,Turbo,Diesel,40.98106957601374,Blue,Automatic,Lake Kenneth
Still Street,Chevrolet,2003,8469,Electric,Electric,16.08045696161227,Green,Automatic,Gregorychester
Moment Nor,Tesla,2000,43085,V8,Diesel,37.01411844772889,Red,Automatic,East Brettview
Media Training,Mercedes,2015,40418,V6,Electric,33.779227679025404,Red,Automatic,Port Timothy
Either A,Chevrolet,2021,17066,Electric,Electric,35.76833465532907,Red,Manual,West Andrew
Thousand Answer,Chevrolet,2008,15669,V6,Petrol,24.824557901942814,Green,Manual,Spearsbury
Service Later,BMW,2000,46150,Inline-4,Petrol,40.041734242256226,White,Manual,Port Jared
Claim Machine,Toyota,2008,45387,V8,Diesel,32.15018945449519,Silver,Automatic,New Barryberg
Knowledge Why,Tesla,2016,44737,Inline-4,Diesel,25.306498980304454,Yellow,Manual,Lake Karaport
So Left,Ford,2019,22334,V6,Hybrid,22.904161122717607,Green,Manual,Mcguireberg
Military Sit,Nissan,2001,35029,Inline-4,Petrol,30.246043854116706,Red,Manual,Lake Beth
Eight Law,Toyota,2018,38011,V6,Electric,43.22588218818798,Green,Manual,New Ryanshire
Goal Only,Nissan,2022,49300,Inline-4,Hybrid,27.87250314703715,Black,Automatic,Melissachester
His Letter,Audi,2016,48722,V6,Electric,24.96668285094935,Gray,Automatic,Port Ronald
Particular Book,Mercedes,2020,14389,Electric,Petrol,20.948051393844743,Green,Manual,Lake Rachel
At Ten,Honda,2009,22177,V8,Electric,31.309070967557723,Yellow,Automatic,Port Davidview
Away Ability,Nissan,2003,21731,Electric,Hybrid,30.962060227423777,Green,Manual,East Shane
Address Lot,BMW,2007,36047,Turbo,Hybrid,42.71778433325361,Red,Automatic,Lake Matthew
Tv Enjoy,Mercedes,2000,11184,Electric,Hybrid,36.14509373130812,White,Manual,Justinstad
Medical Around,Toyota,2001,13961,Turbo,Diesel,28.154305066865334,Black,Manual,South Peterchester
Type Artist,Mercedes,2021,35346,V6,Petrol,44.61679999175277,Silver,Manual,Lake David
Show Kind,Tesla,2010,16656,Turbo,Hybrid,37.04795251872966,Gray,Automatic,East Ashleytown
Person Both,Tesla,2022,38092,Electric,Diesel,38.866528894477796,White,Manual,East Angelaport
Attack Political,Chevrolet,2016,14021,V6,Electric,43.05680988877296,Blue,Manual,Brownbury
What Forward,Nissan,2002,47106,Inline-4,Electric,22.343557233818117,Black,Automatic,Stanleybury
Character Federal,Nissan,2000,10833,V6,Hybrid,35.9884127437612,Gray,Manual,New Kathrynmouth
Benefit Point,Honda,2004,30699,Turbo,Electric,38.29366044693802,Yellow,Automatic,Stephanieburgh
Exist Marriage,Toyota,2008,30542,V8,Hybrid,28.721514591229607,Red,Manual,North Mitchellport
Serious Food,Nissan,2002,5462,V8,Diesel,21.765290938305213,Red,Manual,Snyderbury
Piece Sell,Toyota,2020,5069,Inline-4,Petrol,23.57844334976236,Red,Automatic,North Matthewside
Education But,Audi,2008,48716,Electric,Hybrid,44.07709814251102,Silver,Manual,South John
Cut Adult,Hyundai,2021,35337,V6,Petrol,27.898735122516285,Black,Manual,Fordport
Page List,Audi,2015,49328,Turbo,Diesel,22.624910858263434,Green,Manual,Lake Cynthia
Half Voice,Toyota,2005,24952,V6,Diesel,30.59250918365222,Silver,Automatic,Lisaland
Discover Special,Hyundai,2008,10998,V8,Diesel,22.950718976938404,Gray,Manual,Millerstad
Value Of,Ford,2012,20702,V6,Hybrid,16.32425455925184,Black,Automatic,West Tina
Congress Allow,Nissan,2006,42944,V8,Electric,17.259889326467267,Silver,Automatic,Port Justinport
Church Whether,Toyota,2020,16969,Turbo,Hybrid,37.0968430685001,Red,Manual,Port Julia
Single Human,Chevrolet,2012,5255,Turbo,Electric,18.590718969259154,Black,Automatic,New Sarah
Sit Suggest,Tesla,2003,10717,Inline-4,Electric,38.4559240365692,Black,Automatic,Lauraborough
Know Smile,Audi,2013,30282,Turbo,Electric,29.04770306369705,White,Manual,Port Aliciaberg
Know Decision,Mercedes,2007,22403,Inline-4,Hybrid,15.613460196179446,Black,Manual,New Thomas
Now Local,Nissan,2013,17281,Inline-4,Petrol,34.6761769973524,White,Manual,Reyesmouth
Even Perhaps,Audi,2018,21916,Turbo,Diesel,31.500869671994398,Gray,Manual,Danielburgh
Spring Daughter,Ford,2001,49667,Electric,Diesel,34.8022124161882,Yellow,Automatic,West Robert
East Carry,Ford,2001,27487,V8,Petrol,34.73418615947595,Yellow,Manual,Hardinstad
Market Once,Audi,2006,14318,Turbo,Diesel,24.65829629009832,Gray,Manual,Heatherborough
Might Game,Honda,2022,35448,Turbo,Petrol,38.847697099248066,Blue,Manual,Moniqueton
Sit Professional,Honda,2022,23976,Turbo,Hybrid,28.75631935425279,Black,Manual,Port Brittany
Audience Front,Mercedes,2009,19152,V8,Hybrid,29.612955042602373,Red,Automatic,Lake Cassandrahaven
Reveal Bit,BMW,2025,27709,Electric,Petrol,38.84146905102261,Red,Automatic,Markville
Word Mission,Toyota,2015,7533,V8,Petrol,16.1514989156312,White,Manual,East Randall
Front Include,Chevrolet,2013,49277,Inline-4,Diesel,24.885672167291283,Blue,Manual,West Lauren
Bank Develop,BMW,2000,48455,Turbo,Hybrid,29.240211841010858,Black,Automatic,Port Lindseystad
Medical Rock,Ford,2008,43300,Turbo,Hybrid,33.813343713569424,Red,Manual,Davidtown
Whole Several,Chevrolet,2019,41873,Turbo,Diesel,43.19067956441868,Silver,Manual,Debramouth
Skin Sound,Toyota,2002,9312,Electric,Electric,32.792701573984814,White,Automatic,Port Monicashire
Size Here,Nissan,2024,5222,Electric,Petrol,40.16929698589329,Yellow,Automatic,Millsstad
Admit Central,Nissan,2023,33368,Inline-4,Diesel,17.518660763206185,Black,Automatic,New Francesshire
Wait Only,Chevrolet,2017,22730,Electric,Petrol,41.25242327046121,Yellow,Automatic,Port Chad
Ten Let,Hyundai,2008,5660,V8,Diesel,16.938040462219007,Blue,Manual,Barbaraville
Notice Throw,Nissan,2008,42098,Electric,Hybrid,40.09070636203837,Green,Manual,Madisonport
Open Region,Honda,2004,21138,Turbo,Petrol,24.66053145997505,Yellow,Automatic,South Alexisbury
Difficult Tough,Audi,2013,22822,Turbo,Petrol,22.751041319179308,Silver,Manual,North Deborah
Recognize Attention,Chevrolet,2011,31773,Electric,Hybrid,29.782489728375552,Silver,Automatic,Brownfort
Approach Score,Audi,2013,45171,Inline-4,Electric,36.80596943712969,White,Automatic,Timothyville
Ahead Fall,Chevrolet,2023,24254,V6,Electric,39.15383049092479,Blue,Manual,Harrisport
Often Project,Tesla,2022,38801,V6,Petrol,29.222956004777377,Black,Automatic,Port Michaelberg
Bag Officer,Ford,2025,15145,Turbo,Petrol,38.60936507938877,White,Manual,Pughberg
Lose Economic,Audi,2024,6432,Inline-4,Hybrid,39.97264763014657,Blue,Automatic,Ryanmouth
Lead Knowledge,Tesla,2002,49955,Inline-4,Hybrid,18.990786016189737,White,Manual,Ellisside
Above Edge,Audi,2018,8696,V6,Diesel,28.47550852506587,Silver,Automatic,Michaelfort
Civil Support,Mercedes,2014,44779,V8,Petrol,44.93152903280312,Gray,Manual,Jessicaland
Time Even,Honda,2012,18674,Electric,Petrol,36.95101781382206,Yellow,Manual,Port Jenniferberg
Same Many,BMW,2021,33944,V8,Hybrid,43.68338340700577,Red,Automatic,New Johnstad
Me Head,Nissan,2008,6129,V6,Petrol,30.26371387808123,Green,Manual,South Ashley
Before Young,Ford,2022,27944,Electric,Diesel,24.0478175246254,Gray,Automatic,Lynnport
Yeah Raise,Toyota,2021,7547,V6,Electric,19.91750807240152,Black,Manual,Port Jose
No Scientist,Nissan,2006,15825,V6,Diesel,28.598825034262656,Blue,Automatic,Churchstad
Effect Office,Hyundai,2011,29188,V8,Electric,31.708761535280136,Yellow,Manual,Gutierrezland
Team Western,Nissan,2001,40787,Turbo,Electric,40.710323943167936,Green,Manual,Taylorhaven
Score Common,Hyundai,2013,29603,Inline-4,Hybrid,30.438710834033017,Red,Manual,Jonathanborough
Expect Seat,Honda,2022,46813,V6,Petrol,39.82876699279305,Green,Automatic,Petersonton
Personal Best,Audi,2024,45006,Inline-4,Electric,30.64824513908183,Black,Manual,North Nathan
One Once,Tesla,2002,9207,V8,Electric,19.846716545007414,Gray,Manual,West Johnland
White International,Honda,2024,36456,V6,Petrol,35.64855543223187,White,Automatic,Johnsonport
Join Paper,Tesla,2010,6479,V8,Hybrid,19.285039114569873,Blue,Manual,Bradfort
Training Baby,Hyundai,2022,46007,Turbo,Hybrid,40.85778601154554,White,Manual,Mclaughlinmouth
Figure Government,Toyota,2019,16001,Turbo,Petrol,36.91225566613541,Green,Manual,Andersonchester
Federal Glass,Audi,2013,6678,V8,Hybrid,39.83090374521518,Red,Manual,Gallaghermouth
Series Full,Tesla,2014,49293,Turbo,Diesel,30.231165271334355,Gray,Automatic,Lake Tanyahaven
Agency Peace,Toyota,2007,26631,V8,Electric,19.257981072647667,Blue,Automatic,Monroeville
Near Number,Hyundai,2014,32326,Electric,Petrol,39.39525912196268,Blue,Automatic,Goodmanstad
Group She,Tesla,2020,41066,Turbo,Petrol,37.97167103999465,Black,Automatic,West Trevor
Of Piece,Toyota,2024,17027,V6,Hybrid,31.094883865037662,Silver,Automatic,Curtisfurt
Miss Response,Mercedes,2015,25590,Turbo,Hybrid,37.92705322624383,Gray,Manual,Lake Christina
Indicate However,BMW,2019,11866,V8,Diesel,19.130951648990724,White,Automatic,New Kristenshire
Perform Doctor,Chevrolet,2005,8453,Electric,Petrol,26.612905003637085,Silver,Manual,Carterville
Box Model,Audi,2008,43513,Inline-4,Hybrid,39.523930167709494,Green,Manual,North Carriechester
Appear Lawyer,Tesla,2021,39756,V8,Hybrid,17.277586215269316,Black,Automatic,North Michael
Newspaper Level,BMW,2002,6505,V8,Petrol,20.85676731706981,Yellow,Automatic,Kennethchester
Along Moment,BMW,2021,48478,Inline-4,Diesel,34.363091973189704,White,Automatic,Lake David
Social Year,BMW,2014,14585,Electric,Petrol,35.781456490448875,White,Manual,South John
Buy Nearly,Mercedes,2009,11375,Turbo,Petrol,30.98667166367878,White,Automatic,Williamstown
Sure Support,Tesla,2005,20225,V6,Diesel,26.169755976336724,Silver,Manual,Sarahberg
Consider Foot,Mercedes,2019,43468,Electric,Petrol,39.9522195109204,Black,Automatic,Amberview
Daughter New,Ford,2025,9168,Electric,Petrol,21.22802597304552,Gray,Manual,West Catherineport
Challenge Forward,Audi,2023,32972,Turbo,Diesel,20.07305326366152,Blue,Manual,Kelseyside
Them Specific,Tesla,2000,38742,V8,Electric,18.472545716979386,White,Manual,Pottsborough
Business One,Mercedes,2011,27314,V6,Diesel,42.13181685716049,Blue,Automatic,Seanview
Actually Contain,Hyundai,2011,38831,Turbo,Hybrid,21.73615711988602,Green,Automatic,Lake Brettstad
North Too,Hyundai,2021,41215,Turbo,Petrol,16.704266334155243,Red,Manual,North Rebeccachester
Position Building,Audi,2002,38132,Turbo,Electric,27.64497885633582,Green,Automatic,New Amber
Research Deep,Mercedes,2004,16062,V8,Diesel,40.22824873481349,Blue,Automatic,Andreahaven
Though Him,Mercedes,2020,10607,Inline-4,Electric,35.24661527388025,Gray,Manual,South Jason
Seven Quality,Honda,2017,37284,Turbo,Petrol,35.401734220330894,Silver,Automatic,South Brandon
Hour Every,Mercedes,2015,45663,Inline-4,Hybrid,22.98837716758211,Yellow,Manual,Jessicabury
Some Hope,Hyundai,2002,27253,Turbo,Hybrid,15.10422583547329,Black,Manual,North Patrickville
Important Represent,BMW,2021,35286,Turbo,Electric,19.381759447462567,Green,Manual,Port Cassandrastad
Site Certain,Chevrolet,2019,44543,Electric,Electric,18.953302817500337,Red,Manual,South Susan
Close Thought,Hyundai,2010,43192,V6,Electric,44.165355681326844,White,Automatic,New Andrewberg
Skill Director,Audi,2016,43294,V8,Petrol,18.40530340349457,Silver,Automatic,East Tammyton
Consider Magazine,Hyundai,2012,20691,V6,Petrol,15.345577477860692,Red,Manual,Greenetown
General Give,Honda,2009,9292,V6,Electric,31.73471874813516,Silver,Automatic,Port Jennifer
Report Interesting,Mercedes,2021,48422,Electric,Hybrid,23.042417689756782,Silver,Manual,Smithland
Especially Budget,Honda,2008,26170,Electric,Electric,34.379130766280454,White,Manual,Pamelafurt
Actually Trip,Tesla,2006,36101,V8,Hybrid,34.30820759592787,Black,Manual,Martinezside
Product Whose,Hyundai,2007,28091,Inline-4,Hybrid,32.21692258809654,Green,Automatic,Port Ricardo
Chance Little,BMW,2018,46422,Turbo,Hybrid,22.252503167019405,Silver,Automatic,Morseville
Though Many,Hyundai,2010,24159,V6,Petrol,41.77856072864904,Red,Automatic,Lake Alexandra
Organization Or,BMW,2004,48779,V6,Petrol,15.694633012821054,Blue,Manual,Austinview
Near Yet,BMW,2021,10516,V8,Diesel,39.72750595034941,Yellow,Manual,Barreraland
South Kind,Hyundai,2005,49243,Electric,Diesel,15.772616609515499,Green,Manual,Williamshaven
Situation Month,Hyundai,2009,9902,V6,Diesel,43.390131871539026,Blue,Manual,Ericmouth
Produce Administration,Hyundai,2002,16068,V8,Diesel,29.721922298674542,White,Manual,Kimberlyfort
She Few,Audi,2017,5403,V8,Electric,16.90484321331416,Red,Manual,West Tonyafurt
Long Fill,Tesla,2005,26621,Turbo,Hybrid,15.468679551981811,Gray,Automatic,Obrienland
Nature Easy,Honda,2013,20754,Turbo,Petrol,19.542968150219334,Green,Manual,Curtisburgh
Become Task,Audi,2021,9218,V6,Petrol,43.65108910477937,Green,Manual,Port Molly
Feel Ask,Nissan,2009,46727,Inline-4,Petrol,39.56885849630372,Green,Automatic,Garciafurt
Include Against,Honda,2014,9523,V6,Diesel,40.63901731053616,Green,Automatic,New James
Although We,Ford,2020,43065,Electric,Hybrid,39.24561011635409,Red,Automatic,Amyborough
Statement Trip,Ford,2014,46778,Electric,Petrol,38.29207662661463,Green,Manual,Morganmouth
College Maintain,Chevrolet,2009,14572,V6,Petrol,16.38585310171794,Blue,Automatic,Gonzalezland
Choice Last,Hyundai,2021,15358,Inline-4,Diesel,28.61442764873661,White,Manual,South Kimberlyview
Drug Opportunity,BMW,2022,15570,Inline-4,Hybrid,43.6540085814446,Yellow,Automatic,East Tammy
Third Culture,BMW,2007,27391,Turbo,Diesel,30.50547239088383,White,Manual,Laurenville
Surface Boy,Hyundai,2012,24553,V6,Electric,43.16046399316109,Gray,Automatic,Philipberg
Audience Operation,Mercedes,2005,39206,V6,Diesel,41.55431006969449,Blue,Manual,New Scottland
Describe Beautiful,Tesla,2013,29529,Turbo,Petrol,26.42091286572422,White,Automatic,Lake Erin
Two Process,Chevrolet,2015,7694,Inline-4,Diesel,27.91456837103864,White,Manual,Samanthaville
Wish Visit,Ford,2001,12088,V6,Petrol,39.92514422231963,Yellow,Automatic,Dixonchester
Yeah Political,Audi,2011,45620,Turbo,Electric,28.87233807883255,Silver,Manual,Gilmoreport
Style Far,Nissan,2008,25824,V8,Electric,27.63207077860561,Yellow,Manual,East Joseph
Company Certain,Chevrolet,2009,34388,V6,Petrol,22.917430020818923,Gray,Manual,West Zacharytown
Believe Control,Honda,2024,31931,Electric,Diesel,43.26972413245605,Blue,Manual,Lake Daniel
Ask Her,Nissan,2016,35253,Turbo,Electric,24.451535058587467,White,Manual,North Ricardo
Light Do,Mercedes,2024,27626,Turbo,Petrol,16.00343724488588,Yellow,Manual,New Danielle
Near Thank,Mercedes,2015,12678,Turbo,Hybrid,19.395069162110502,Green,Manual,Lake Isaac
Cut Through,Tesla,2004,34810,V8,Electric,16.89203420846998,Yellow,Automatic,Lake Cynthia
Know Air,Audi,2012,23545,V8,Diesel,28.731445084525586,White,Manual,Andrewside
Blue Car,Toyota,2000,19401,Inline-4,Diesel,40.74967044758051,Gray,Manual,Christopherchester
Establish Yeah,Honda,2003,31917,V8,Petrol,26.81173708095382,Blue,Manual,Kevinfurt
Avoid Rest,Chevrolet,2022,27616,V8,Petrol,33.99494472379107,Black,Manual,Melindachester
Raise Hold,Tesla,2014,33268,V6,Electric,17.271073306238904,Red,Manual,North Thomas
Message Story,Ford,2006,37643,V6,Electric,34.08732768275722,Silver,Manual,Brianshire
Around Develop,Audi,2003,42643,Turbo,Petrol,33.45665165534842,Gray,Automatic,Mendozaport
Mother Early,Tesla,2000,29786,Turbo,Diesel,24.915950470834233,Red,Automatic,South Kristinaville
Occur Staff,Honda,2001,25998,Inline-4,Electric,44.2613791587199,Green,Manual,Riosberg
Business Sign,Mercedes,2022,26449,Turbo,Petrol,25.083635678308255,Silver,Manual,Kaylastad
Fund Travel,Nissan,2023,24022,Inline-4,Petrol,23.206151885395975,Black,Manual,Carlosview
Poor Myself,Tesla,2007,10999,Turbo,Diesel,28.713324250739312,Red,Manual,New Jennifer
Direction Class,Tesla,2016,17185,V8,Electric,26.571153546387485,Black,Automatic,East Andrewfurt
Use Image,BMW,2025,37771,Inline-4,Hybrid,43.90197528131847,Blue,Manual,Greenburgh
Possible From,Ford,2022,23319,Turbo,Petrol,15.462913011212379,Green,Manual,Leachburgh
Focus Much,Hyundai,2013,42456,Electric,Hybrid,27.7216341042323,Gray,Manual,Thompsonstad
Skin Section,Mercedes,2014,39012,V6,Electric,20.947631124528208,White,Automatic,Port Jaymouth
Those Fire,Honda,2017,35043,Turbo,Hybrid,43.042746731778124,Gray,Automatic,New Christopherland
Miss Myself,Audi,2014,20302,Inline-4,Hybrid,34.57014759877738,Black,Automatic,Kevinview
Option Someone,Nissan,2005,17806,Electric,Petrol,40.6735094332928,Gray,Automatic,Scottbury
North Very,Toyota,2021,40176,V8,Petrol,27.273662098645264,Gray,Automatic,New Lisa
Accept Let,Audi,2023,23956,Turbo,Electric,19.554759245253756,Red,Automatic,East Jenniferburgh
Cut Effort,BMW,2011,8879,Inline-4,Petrol,28.224674706565153,Black,Manual,Shermanberg
Lose Cost,Audi,2024,17030,V8,Electric,35.00614716506845,Green,Manual,Robertbury
Everything Ok,Hyundai,2004,21862,Inline-4,Hybrid,20.584860245069486,Yellow,Manual,South Chadbury
Represent Suggest,Ford,2018,7745,V8,Hybrid,38.414023764764,Gray,Manual,Port Patriciatown
Staff Ever,Nissan,2024,41453,V6,Electric,30.277212312704524,Black,Automatic,Benjaminton
Staff End,Audi,2008,33308,V8,Diesel,35.159296915890295,Blue,Manual,Catherineview
Program Customer,Honda,2013,44529,Turbo,Petrol,43.69963522894957,Green,Automatic,Lake Rileystad
Sit Organization,Chevrolet,2009,29193,V6,Petrol,26.341224199589586,Blue,Automatic,Morenoville
Green Remain,Honda,2024,33722,Electric,Diesel,20.6869605056402,Green,Manual,Gardnerview
Range Task,Mercedes,2011,13204,Inline-4,Diesel,18.86566185952805,Silver,Automatic,Kathleenburgh
Arrive Computer,Toyota,2012,19741,Electric,Electric,26.848838660142686,Black,Manual,Gregoryville
Machine Air,Nissan,2002,49348,Electric,Petrol,23.49736875553136,Yellow,Automatic,Port Ashleyfurt
Think Table,BMW,2001,32337,Turbo,Petrol,38.83246720266642,White,Automatic,Gibsonside
Bill Perform,Hyundai,2021,14217,V8,Hybrid,29.429709611715992,Gray,Automatic,Noahtown
Alone Deal,Mercedes,2019,10144,Inline-4,Hybrid,18.071128257632875,Silver,Manual,West Andrea
Kid Establish,Hyundai,2009,21263,V6,Electric,40.186172338337926,Green,Automatic,Port Mary
Lead Ever,Hyundai,2002,27352,Turbo,Electric,29.56484461515132,Yellow,Manual,Port Richard
Public Among,Mercedes,2014,43372,V8,Electric,16.610115015627592,Blue,Manual,Cameronmouth
Baby Building,Nissan,2019,43324,Turbo,Diesel,26.584838100172114,Gray,Automatic,Noahfort
Manager Government,Ford,2015,30271,Electric,Hybrid,25.860720953482403,Black,Automatic,Smithberg
Down Adult,Honda,2024,49167,V6,Diesel,40.401986813073805,Blue,Manual,West Regina
Physical Have,Honda,2009,36735,V8,Electric,29.431090881782097,Black,Automatic,South Kevinfurt
Successful Court,Nissan,2024,29646,Electric,Petrol,24.97650512869356,Red,Manual,Vincentberg
Get Street,Honda,2007,34225,Inline-4,Diesel,21.9072845316403,Yellow,Manual,Mejiabury
Tough International,Tesla,2013,21057,V6,Hybrid,37.880707741537904,Green,Manual,Rosebury
Response Behind,Audi,2025,22871,V6,Hybrid,19.36755617527157,Black,Automatic,North Wendy
Although Law,Nissan,2025,45513,Inline-4,Electric,38.62884193269463,Green,Automatic,South Michellehaven
Set Dinner,Mercedes,2025,48681,Turbo,Hybrid,28.13741440714827,White,Manual,Barbaraton
Action Production,BMW,2025,35874,Turbo,Diesel,38.28723842451521,Black,Manual,Booneburgh
Show Party,Audi,2019,10468,Inline-4,Diesel,15.82827921462507,Gray,Manual,Lake Jeremy
Court Space,Honda,2017,30746,Electric,Electric,34.60389932919207,Black,Automatic,South Karen
Month Area,BMW,2006,6314,Electric,Hybrid,33.86783017135885,Green,Manual,Penningtonberg
Project Professional,BMW,2006,16425,Inline-4,Petrol,38.719395409437084,White,Manual,Port Kristin
Lead Election,BMW,2008,5516,Turbo,Petrol,18.112596857777984,Blue,Manual,East Lisabury
Live What,Mercedes,2019,19453,V8,Electric,27.356635952303936,Silver,Manual,Huntborough
Reason Remember,Tesla,2011,38274,Turbo,Hybrid,22.895679153303615,Red,Automatic,Moranview
Money Film,Nissan,2007,12721,Turbo,Petrol,39.76456656702425,Black,Manual,Josephberg
According Maintain,Hyundai,2020,19718,Turbo,Electric,21.920126909250747,White,Automatic,North Jaime
People Writer,Hyundai,2024,27790,V6,Petrol,33.50685381284527,White,Automatic,Christopherborough
Eye Though,Audi,2025,17904,Inline-4,Hybrid,27.71453751872718,Red,Automatic,West Christine
Color Better,Tesla,2009,40681,Inline-4,Electric,38.184709236971344,Silver,Automatic,Lisamouth
Article Go,Chevrolet,2013,29377,Inline-4,Hybrid,22.515689373623303,Green,Automatic,Greenborough
Usually Affect,Tesla,2006,37995,V6,Petrol,16.889147194848785,White,Manual,East Brian
Meet Sign,Toyota,2021,28970,Turbo,Electric,24.64305512522072,Green,Automatic,Daystad
And Will,BMW,2001,17838,V8,Electric,17.324600849576644,Yellow,Automatic,North Spencer
Because Up,Chevrolet,2005,36580,Inline-4,Petrol,23.069662318433757,White,Manual,Andrewsside
Single Glass,Honda,2008,40089,Turbo,Diesel,31.154980486990947,Green,Automatic,West Cheryl
He Own,Hyundai,2013,39150,V6,Hybrid,35.64200628251129,Blue,Automatic,East Amanda
Group Operation,Tesla,2018,9555,V6,Hybrid,39.262996188984644,Gray,Automatic,Morrishaven
Minute Discover,Audi,2008,23049,V6,Electric,42.242726841346425,White,Automatic,North Richardmouth
Such Quality,Honda,2016,44202,Electric,Electric,26.15516658582242,Green,Manual,West Kelly
By Daughter,Toyota,2005,40939,Inline-4,Diesel,17.119176619771626,Black,Manual,West Patrick
Himself Staff,Nissan,2019,30175,V8,Hybrid,38.20813629273041,Green,Manual,West Jessicaton
Director Food,Ford,2019,28333,Electric,Hybrid,18.755461752465504,White,Automatic,Katherineton
Community Whole,Ford,2018,25661,Inline-4,Electric,31.58018510364188,Gray,Automatic,Andrewberg
Fill Girl,Toyota,2025,19023,Electric,Electric,33.822384114660686,Red,Manual,East Christinaview
Entire Spend,Toyota,2022,24382,Inline-4,Electric,16.603896224131404,Red,Manual,New Julie
Suddenly Entire,Hyundai,2013,31889,V8,Diesel,39.37301759958331,Silver,Automatic,Port Jeffreyport
Mention Company,Mercedes,2003,38015,V8,Diesel,38.94949578173439,Gray,Manual,Hernandezchester
Report Order,Honda,2009,32941,Electric,Electric,20.510195481198878,Black,Automatic,Freemanville
Something Mean,Nissan,2005,22754,Inline-4,Hybrid,30.87083250082279,Yellow,Manual,Youngchester
Congress During,Toyota,2020,29996,Turbo,Hybrid,28.639957303944353,Red,Manual,Michellehaven
Series Cell,BMW,2013,8724,V6,Diesel,27.613917237313995,Black,Manual,Smithmouth
Town Base,Tesla,2001,6289,V6,Electric,29.837463164664072,Gray,Automatic,West Kathy
Away News,Tesla,2003,26108,Turbo,Diesel,34.288817095372444,White,Automatic,Port Emily
A Bad,Hyundai,2002,7400,Inline-4,Hybrid,19.035869538973515,Silver,Automatic,Port Robertfort
Really Chance,Tesla,2006,21393,Electric,Hybrid,21.443200825169882,Black,Automatic,Pettyfurt
Area Type,Nissan,2017,38029,V8,Petrol,34.0884288685556,Blue,Manual,Cindyborough
Accept Many,Chevrolet,2022,7243,Inline-4,Hybrid,44.671120805084485,White,Automatic,South Andreaborough
Hear Main,Tesla,2017,48022,V6,Hybrid,36.20355678074368,Blue,Automatic,West Jonhaven
Street Significant,Ford,2017,23577,Turbo,Hybrid,28.485527129672526,Red,Automatic,Parkerhaven
Certainly Until,Nissan,2001,33159,V6,Diesel,40.81197511084239,Green,Manual,Wrighthaven
Avoid Quickly,Toyota,2018,27997,Inline-4,Petrol,21.81949319249879,Black,Manual,Alexisview
Identify Likely,Nissan,2015,48200,Inline-4,Diesel,16.889507453529067,Gray,Automatic,North Janeton
Voice And,Tesla,2008,28396,V6,Diesel,34.45699990910115,Green,Automatic,Singhside
Doctor Nice,Tesla,2021,19099,V6,Petrol,36.05524026702919,Red,Manual,Lake Justinview
Serve Gas,Nissan,2013,42850,V6,Electric,41.18357690003724,Red,Manual,Hollandberg
Her Fire,BMW,2021,37385,V8,Petrol,36.15515466186608,Yellow,Automatic,Lake George
Difference Note,Toyota,2000,21902,V8,Diesel,17.806117135028384,Green,Manual,Nathanielburgh
Summer Full,Nissan,2004,18716,Turbo,Diesel,33.586262806562814,Yellow,Manual,Amyhaven
Want Door,BMW,2000,41960,V8,Diesel,32.62902134512471,Gray,Automatic,East Elaine
Fish Do,Mercedes,2019,36008,Electric,Hybrid,22.211021416731924,Gray,Automatic,Lewismouth
